bearing_code,condition_code,repetition,speed_rpm,torque_nm,radial_force_n,detected_fundamental_hz,phase1_mean_square,phase1_rms,phase1_peak_abs,phase1_crest_factor,phase1_kurtosis,phase1_mag_h1,phase1_mag_h2,phase1_mag_h3,phase1_mag_h4,phase1_mag_h5,phase2_mean_square,phase2_rms,phase2_peak_abs,phase2_crest_factor,phase2_kurtosis,phase2_mag_h1,phase2_mag_h2,phase2_mag_h3,phase2_mag_h4,phase2_mag_h5
K001,N09_M07_F10,1,899.7119806948217,1.199860600336994,1025.9239033002798,60.05692636562925,2.744728715365312,1.6567222806992463,2.8770413188994457,1.7365863623715763,-1.4935226944601971,0.9915485098315835,0.004724875280118496,0.0030472759534930526,0.0024742299674967716,0.00832414455091489,2.7825190839468856,1.6680884520752746,2.76959136779858,1.6603384337041132,-1.4942154828422147,0.9980764153820164,0.008621686805100889,0.0014486930073816554,0.003910907353597353,0.008217752855164125
K001,N09_M07_F10,10,899.7926594440473,1.2355859242123737,1015.8599143634765,60.10724529243048,2.908633683745802,1.7054716895175368,2.9259448222850954,1.7156220418486219,-1.4943034101614567,0.772705742281694,0.005951377461309797,0.0022040053735054004,0.003249583966894758,0.007838792688254522,2.9421380925676877,1.715266187088082,3.0946963480524796,1.8042076333972303,-1.4943891692521447,0.776779505417509,0.01031937175865544,0.0013044671092942255,0.003480005060016967,0.007153260398193358
K001,N09_M07_F10,11,899.7940595337185,1.2366497479218745,1016.0835675831602,59.977508434337125,2.914140834495985,1.7070854795516202,2.898393552772053,1.6978608203810273,-1.4944258161795128,1.2034317224458861,0.004603092491661038,0.00315706769640473,0.0030432100513841805,0.011321999757551604,2.9465535894171007,1.716552821621607,2.7964538555737963,1.6291102844898298,-1.494616102307711,1.2087972992214706,0.010200862638469527,0.00047512158148388747,0.004794577692494881,0.010642536874316837
K001,N09_M07_F10,12,899.8027526896516,1.236485464658424,1017.1744510833427,60.0,2.9113531485511635,1.7062687796918643,2.9121691875285745,1.70674703903009,-1.4936310490850593,1.1987548876338296,0.004574049247802729,0.0029838848571957684,0.0022802717780502613,0.010261172731266534,2.9450346011455584,1.7161103114734666,2.8102294903303178,1.637557604276284,-1.4943561560802368,1.2043068066871538,0.009919063303293996,0.00040366595296356173,0.004097888997917219,0.009555837246016252
K001,N09_M07_F10,13,899.7578782343564,1.2371976052288112,1017.2820378954727,60.0,2.916098906055615,1.7076588962833341,2.9128579692664003,1.7057610132832406,-1.4941024164465764,1.1965502595070159,0.004888525344057749,0.0027088880759470655,0.0025058586916160332,0.009843346663549862,2.947163481198021,1.7167304625939452,2.8446685772216207,1.6570269120310148,-1.4940814469561998,1.2014623724306905,0.009731887319716252,0.0006104524414794088,0.003300539081969939,0.009031495386981166
K001,N09_M07_F10,14,899.747211534563,1.2379255264093332,1017.9763075524768,59.999531253662084,2.9190033368167483,1.7085090976687096,2.928699949236399,1.7141845795452078,-1.494657969550141,1.1963174971762864,0.00448716491281116,0.003269663276040085,0.002817480700548593,0.009772430474369202,2.9522555187039674,1.7182128851524678,3.105716855857697,1.8075273923825261,-1.494220781058483,1.201730000106935,0.009384839439745437,0.0006510471469081354,0.004295018533881718,0.008878895100602965
K001,N09_M07_F10,15,899.771746210499,1.2379746618567549,1018.5805369081039,59.999765625915515,2.9178188147044266,1.7081624087610716,2.930766294449878,1.7157421796769077,-1.4939785897068083,1.196768719739013,0.0041439714219312,0.002950212685948368,0.002420112419525163,0.009695371029257806,2.9522257334798807,1.718204217629523,2.8081631451168394,1.634359359791964,-1.4945660291748464,1.2024885442457296,0.009648638825375618,0.0004104720936338251,0.0033517747267739193,0.00903649691879787
K001,N09_M07_F10,16,899.7501421749255,1.2383499367026454,1018.9829241731848,59.999765625915515,2.9203074862634923,1.7088907180576212,2.942475583992921,1.7218629330127273,-1.494374898605527,1.1967833609300187,0.004969646760044769,0.0033630159585386187,0.0025607089025285164,0.009613259618799722,2.9540256128294833,1.7187279054083817,2.98449127000031,1.7364536065359188,-1.4942409131091305,1.202292332746922,0.010143812553246511,0.0007101008096026621,0.0038183128530043654,0.008849812007468932
K001,N09_M07_F10,17,899.772987317449,1.2382071720319718,1020.2823005113537,59.999765625915515,2.9188775489351166,1.7084722850942349,2.9190570049068345,1.7085773239487037,-1.4942366982896471,1.1990545229695342,0.004853081705712639,0.002965031682071646,0.0028818390905961063,0.010250295225013663,2.9523895915564795,1.718251899913537,2.990690305640745,1.7405424116168517,-1.4940330799879715,1.204511669039827,0.009953393451503879,0.0006032740316201243,0.003733193230588126,0.009304459172864701
K001,N09_M07_F10,18,899.7569107578596,1.2390404427916744,1020.6156460710789,60.0,2.9216107618500646,1.7092719976206434,2.942475583992921,1.7214788448467728,-1.4939739422727638,1.1986443142675605,0.005030173491918738,0.002925876375302288,0.002667415543246587,0.010151690011241082,2.9564841045338803,1.7194429634430681,2.9417868022550944,1.7108952520090375,-1.4942088893691177,1.2043677289380694,0.009745650858015568,0.0004128092176342396,0.004330601494954229,0.009274979066910813
K001,N09_M07_F10,19,899.6708898648243,1.2394030272149128,1020.7381664896437,59.999765625915515,2.9233642432081006,1.709784852900534,2.933521421401182,1.7157254706196878,-1.493800697275525,1.1926718921418535,0.004983915632488496,0.0032075950329389005,0.003061320731429872,0.008715165883490946,2.9604342160138724,1.7205912402467567,2.8839291362777058,1.6761268271156085,-1.494623486731246,1.1988016570508153,0.010184980516937576,0.0007877287628253153,0.004354906905354826,0.007780867787173474
K001,N09_M07_F10,2,899.7287008897961,1.2084045340797784,1020.9152718144867,59.999765625915515,2.785737280554895,1.6690528093966635,2.874286191948141,1.7221062004545864,-1.4942800259923636,1.1626019917185393,0.004125199620388929,0.0026531548623333324,0.002266000872253382,0.008003473695549325,2.8213828103944305,1.6796972377170925,2.7709689312742323,1.6496835674030799,-1.4939156522264554,1.1688775631243464,0.008811272781914275,0.0005317307482572989,0.003652411208395505,0.007543716476730979
K001,N09_M07_F10,20,899.7793841322838,1.2398373903671158,1020.8525811831321,59.999765625915515,2.9254608720116,1.7103978695062736,2.936276548352486,1.7167213551312928,-1.4942678255124429,1.1949537066428662,0.004143789850196388,0.002991794608225486,0.002166119799205552,0.008886440557596433,2.9610603859172837,1.7207731942116264,2.828137815513795,1.6435273544631828,-1.4947854793711348,1.200749807441906,0.009340957124693332,0.00044433422637726617,0.003465560835185554,0.008139177972286525
K001,N09_M07_F10,3,899.750317923382,1.2147955634764336,1018.050460632704,59.999765625915515,2.815414620058217,1.6779197299210165,2.8735974102103152,1.7125952803150972,-1.4940623966788715,1.1768562521978516,0.0051521019107189795,0.0027873406620985463,0.0030568001664085746,0.009925385553579044,2.848928775007251,1.6878770023337752,2.8226275616111867,1.6722945793493407,-1.4937284865101508,1.1826080036186841,0.009630114586209403,0.0006488245134338379,0.004319495749925196,0.009121491452786294
K001,N09_M07_F10,4,899.7547903793671,1.2186861705658678,1016.3626960934685,59.999765625915515,2.832199090171148,1.6829138689104526,2.9107916240529224,1.729614139990075,-1.4941162413119253,1.1725793672085516,0.00473775918937784,0.0027101015982510857,0.002825097677886552,0.008468582079433852,2.867780750412252,1.6934523171356943,2.7840557842929274,1.6440119134868114,-1.4937461508221512,1.1787154451011055,0.009269040901802484,0.0005290054432092659,0.004241839070158815,0.007608441818287105
K001,N09_M07_F10,5,899.7070966758569,1.2215425664517416,1015.1127360698233,59.999765625915515,2.847353619867438,1.6874103294301117,2.90941406057727,1.7241888412285973,-1.4949167549074722,1.1790840335480954,0.004965917839660236,0.002644090131848259,0.0026344228691617126,0.008792954269148629,2.8790635578035766,1.6967803504884116,2.812984617281622,1.6578366295153733,-1.4938013635658631,1.1844204459834229,0.009269701647142272,0.0005631227762861436,0.0036489092880345173,0.008208333470515099
K001,N09_M07_F10,6,899.7306384947944,1.2237185665768868,1013.8687847232846,59.907869899247274,2.855452338921503,1.689808373432178,2.900459897985531,1.7164430852561068,-1.493733704525249,1.0218051931870449,0.0034214029217389964,0.0036978147482777976,0.0017196593352838455,0.007837755466257111,2.889540487191465,1.6998648438012551,2.7930099468846663,1.6430776582442337,-1.4938236593260836,1.027164545997655,0.006235356869266208,0.0013333879262261673,0.00299963448850516,0.007005110063845104
K001,N09_M07_F10,7,899.7307359057861,1.2329104063003544,1013.3169842002773,59.99929688323965,2.896216195307614,1.7018273106598136,2.936276548352486,1.7253669217554544,-1.4941402275371993,1.1950112826578254,0.004545552560786792,0.0030510787047378775,0.0029535815661672093,0.010081879292182471,2.9314241054467804,1.7121402119706144,3.0010220317081355,1.752789877094273,-1.4944686734890285,1.2010836851609816,0.009563723591642122,0.00048599887505364566,0.0039281666851912886,0.009490740562603718
K001,N09_M07_F10,8,899.7621604875526,1.2341218333305424,1014.0410300066777,60.05926491260178,2.9024941278063388,1.7036707803464668,2.9328326396633564,1.721478511867722,-1.4942481270519576,1.0216474379459872,0.003765441832391073,0.0036087114511154125,0.0023379310624798387,0.007926160465335601,2.93507331656466,1.713205567515078,2.7826782208172753,1.624252380205264,-1.4934833169849906,1.0257194197168444,0.007947694388526104,0.000547105626614475,0.0033653668858987513,0.006917948460112486
K001,N09_M07_F10,9,899.7872488727797,1.234650541269383,1015.5558045386398,59.999765625915515,2.9034821740776957,1.7039607313778378,2.945230710944225,1.7284616110622955,-1.4942967214505285,1.1939450963115443,0.004426856051756689,0.003286179667973869,0.003191410841855696,0.009694084987270753,2.938782653908236,1.7142877978648263,2.829515378989447,1.6505486316321303,-1.4941182346641186,1.1998990699953467,0.00931689168373347,0.0008640022933028657,0.004372631591489494,0.008976577852787894
K001,N15_M01_F10,1,1499.606846970736,0.6379494915180113,1041.5173251413673,99.97266372476277,0.8490846390590582,0.9214578878381031,1.8645321642951398,2.0234589001887535,-1.484300730753847,0.6490831510460798,0.0008356172455949181,0.0002709353837554902,0.002961756034827414,0.010778882886748825,0.8655194879888912,0.9303329984413599,1.7619036853590568,1.8938419773466866,-1.4814763767477859,0.653020719638144,0.00810656731795556,0.002818118099069525,0.003415092747708809,0.010614011984240291
K001,N15_M01_F10,10,1499.5906936477209,0.621915487222574,1052.8069531175486,99.87242857755913,0.8126581745180042,0.9014755540323898,1.8769302355760087,2.082064485476409,-1.4825980386155213,0.4856848347039533,0.004146979278372631,0.0012628510612749115,0.0019330185818863229,0.010578904701066297,0.8262238279504384,0.9089685516839614,2.0580798326242618,2.2641925606903,-1.4844719999817386,0.4868729786675602,0.010189306694922153,0.0012414114808284387,0.0023297033464487905,0.011225657783366648
K001,N15_M01_F10,11,1499.6207654050197,0.6219555985540877,1052.4738538866445,99.99960937652585,0.8120785456331118,0.9011540077218276,1.844557493898184,2.046883749162186,-1.4815981590925706,0.6232040348607358,0.004899248449499566,0.000651759321611112,0.0018669559778265786,0.006793613058953807,0.8310571607350551,0.9116233656149095,1.763970030572535,1.9349767646452318,-1.4840442702115182,0.6271954300005137,0.008458461016364108,0.002398865612447141,0.002435901733977863,0.007172540432392457
K001,N15_M01_F10,12,1499.607953196905,0.6215848436833494,1052.9378625835411,99.96680789581585,0.8128881972237466,0.9016031262278024,1.8659097277707917,2.06954664806624,-1.4784704731733043,0.6344334734329867,0.003106506739581319,0.0019759062473271847,0.0016779034996208277,0.010747649751724164,0.8280023403612513,0.9099463392757022,2.104916990796434,2.313232000550607,-1.4870040575808834,0.6374033075859517,0.011367083868797683,0.0021144122297746724,0.003356436422669357,0.010465666182659027
K001,N15_M01_F10,13,1499.649831730753,0.6209111045596727,1052.368905034826,100.06611955972151,0.8086367510637095,0.8992423205475315,1.8225164782877499,2.0267245398081957,-1.4839284063895384,0.5033396498182928,0.004301619533856446,0.0005938552646023905,0.0017978887417742675,0.010485751988879717,0.8296477453423972,0.9108500125390553,1.7267758167299279,1.895785028224817,-1.4804326957532143,0.5068425929871778,0.01013471416093482,0.0036498329087053132,0.00301005580518172,0.010516240858344298
K001,N15_M01_F10,14,1499.56444977609,0.6203035272303257,1052.1817044826012,99.99960937652585,0.8095677867809447,0.8997598495048246,1.8314706408794887,2.0355105219325176,-1.4819784260771451,0.6207688836513987,0.004237380614617535,0.001369579345444505,0.002178496915562895,0.00726892598815069,0.8255360824651795,0.9085901619900908,1.7591485584077526,1.936129876813412,-1.486390195917098,0.6238905639982828,0.007367594505945277,0.0018861613041292523,0.0024155790471437743,0.0071171615453429395
K001,N15_M01_F10,15,1499.6154388230793,0.6196529793437326,1051.4014950674941,99.99960937652585,0.8056135418605371,0.897559770633988,1.8142510974338375,2.0213150776046347,-1.4843947052783888,0.6183903843406086,0.003975736504028124,0.0013451636722798751,0.0016321953915430414,0.00812650423715027,0.8245397263021506,0.9080416985481177,1.7591485584077526,1.9372993125981806,-1.4829278967691601,0.6224788180749967,0.009898841067897356,0.0022443858073545662,0.002259779893694899,0.007992525669051391
K001,N15_M01_F10,16,1499.5699301136385,0.6197031130289316,1051.3274142765883,99.9871431743892,0.8075900383804767,0.8986601350791503,1.84524627563601,2.0533305124005397,-1.482742334120827,0.629207374216909,0.003550903500682218,0.001691534103978218,0.002572402585842769,0.008744335420767994,0.8229644233411576,0.9071738661034926,1.799097899201664,1.9831897350936458,-1.485885828404989,0.6323423401789888,0.006710741786769122,0.001894013968792359,0.0032990256999703726,0.009218497776286796
K001,N15_M01_F10,17,1499.5020706434757,0.6199561515301207,1050.617280470585,99.99960937652585,0.8078512196995805,0.8988054404038621,1.8259603869768803,2.0315413157228086,-1.4823519342469873,0.6180677481421227,0.0012149409515351387,0.000549162534674548,0.002356859860593093,0.007920336757058829,0.8253350004567462,0.9084794991945312,1.740551451486449,1.915895133604713,-1.4815582631040292,0.6220037770581179,0.008397085164944751,0.0023226816207379455,0.0026774940478964753,0.008233033574116668
K001,N15_M01_F10,18,1499.5295880851952,0.6192745970432092,1050.1211719513283,99.99921875610347,0.8060311182548856,0.8977923580956153,1.8232052600255761,2.030764957604377,-1.4844885416426694,0.6165128984176478,0.0006583052185709441,0.0005592507827466918,0.001982064135134501,0.008204319973296691,0.8242158757406439,0.9078633574170971,1.7212655628273195,1.8959522363854182,-1.4812949142520688,0.6205137473974273,0.007062685345898172,0.0023089385305282606,0.0027126239952896297,0.008319887633955239
K001,N15_M01_F10,19,1499.566980666043,0.618812932081743,1049.5314184670726,99.99921875610347,0.8066673148268668,0.8981465998526448,1.8542004382277488,2.0644741499126757,-1.4815586346402048,0.6193678633609777,0.0032146165105706357,0.001507718021935093,0.0016827437981619393,0.007817745003691041,0.821651889122649,0.9064501581017287,1.70542358285732,1.8814311714929666,-1.4850697487481455,0.6222080626668623,0.010033052046160711,0.0012147822852993247,0.0022631437086813016,0.00825445994912791
K001,N15_M01_F10,2,1499.6023723348637,0.6325368269982736,1045.3339497935722,99.99960937652585,0.8369922705506194,0.9148728165983616,1.8569555651790532,2.0297417646351117,-1.4823049264367254,0.6337726692629306,0.002795203260721204,0.0015378088393668738,0.001955481653095103,0.0069431571069521365,0.8504260639411789,0.9221854823955856,1.9726708971338307,2.1391259511149223,-1.4855578148538284,0.6363765584517335,0.009683119430950484,0.0012289848304311343,0.0024936053050696595,0.006996036975869625
K001,N15_M01_F10,20,1499.6060660338303,0.6183999665491449,1049.553351605514,100.0,0.8056361994633906,0.8975723923246474,1.84524627563601,2.055818885936271,-1.4807741345874992,0.6138006523255641,0.0036904326629588944,0.001525065251871862,0.0018994253918033928,0.008524700353140294,0.8199250005853133,0.9054971013677036,1.878307799051661,2.0743388313607856,-1.4848768265251275,0.6163244635680164,0.009839025206329684,0.0009970799706194274,0.002205217060473521,0.009104458693001223
K001,N15_M01_F10,3,1499.5799696682984,0.6288242827682772,1047.8626308606624,99.99960937652585,0.8280743595042969,0.9099859117064928,1.8734863268868782,2.0588080571198484,-1.4808586585887016,0.6251116038012796,0.00411821783532106,0.0013615415669871295,0.002392722161232001,0.008218209422261332,0.8418924142745584,0.917546954806433,1.7419290149621014,1.8984630768346686,-1.48767268206391,0.6278741187939955,0.006237739147895218,0.0013466529316598901,0.002416399220045833,0.00805838856967814
K001,N15_M01_F10,4,1499.6027777851505,0.6274956114931308,1049.4266924990868,99.99960937652585,0.8236962034745586,0.9075771060767006,1.8197613513364461,2.0050763060815413,-1.4830024756229683,0.6246707051980658,0.00441895124546458,0.000514969586812896,0.0018203871340250375,0.007744287037275127,0.8415648590029511,0.9173684423408901,1.714377745449059,1.8687995644088264,-1.4831484015400498,0.6284318406802677,0.008510005332456631,0.0025663286003992504,0.0022299181336047314,0.008202040355989712
K001,N15_M01_F10,5,1499.5996086612552,0.6263170925572324,1050.3324357552576,99.99960937652585,0.8213278715969977,0.9062714116626419,1.8300930774038369,2.019365340065572,-1.483156793164775,0.6270612727473333,0.0008107739265083604,0.000456288479426071,0.00212517325898321,0.0068129280030681,0.8382807950164048,0.9155767553932357,1.9960894762199168,2.180144334663243,-1.4805486452193768,0.6310287917490958,0.008616513420042472,0.0024108373648346446,0.002617329076964247,0.007245751832470761
K001,N15_M01_F10,6,1499.6144145396313,0.6256315705218235,1051.4730340875785,100.02533372308292,0.8189426229823887,0.9049544866911201,1.809429625269055,1.9994703069378241,-1.483655902672709,0.5843796433252189,0.0036184625360336283,0.0004109273021719768,0.0023009377261651613,0.010169268964983082,0.8393201570439965,0.9161441791792363,1.7377963245351449,1.896858992317146,-1.4814179163790027,0.5885685512343996,0.007088675299769025,0.0033663432736211673,0.003739024020385444,0.01021547859135119
K001,N15_M01_F10,7,1499.686836803823,0.6251024516239589,1052.1285690706893,99.99960937652585,0.8185517038208386,0.90473847261009,1.7873886096586213,1.9755859441924297,-1.4857024901398583,0.6257678454923179,0.0015089486875842547,0.0010011851845322863,0.0020271394430099268,0.007085783766912945,0.8351163695579887,0.9138470164956434,1.7226431263029718,1.885045412643402,-1.483534853397854,0.6294664311601337,0.00554722609068139,0.0016303277400943643,0.002618724124675375,0.006724408790917727
K001,N15_M01_F10,8,1499.5902243242558,0.6245819198438388,1052.841357925456,99.99960937652585,0.8167882097813965,0.9037633593930419,1.8073632800555768,1.9998191576049102,-1.484999264111703,0.6243769021509308,0.0008997864433480196,0.0009139914327889959,0.002131018661712703,0.00747637271653986,0.8336998825424793,0.9130716743730907,1.8734863268868782,2.0518502319910454,-1.4822938215895953,0.6283346887262861,0.005655539319994766,0.0017086379730598276,0.0025272742516091666,0.007115915991639776
K001,N15_M01_F10,9,1499.6058717202593,0.6229334988353115,1052.6491091989408,99.99960937652585,0.8123928023631266,0.9013283543543532,1.8004754626773163,1.9975799651471604,-1.4836888513111057,0.6214297237553449,0.004154345040076325,0.0004516182588916841,0.0015159197079578513,0.007982104183045157,0.8334826393868627,0.9129527038060968,1.7887661731342732,1.959319651146125,-1.48050107903941,0.6261840745205732,0.009591523179722934,0.002676507162800306,0.0028206742926890076,0.008207304311161004
K001,N15_M07_F04,1,1499.5617216137134,1.257224404486712,403.5589709744582,99.95786120486027,3.0942849408534734,1.7590579697251234,3.0547470072585683,1.7365812041634499,-1.4997018879658617,1.2352055431164797,0.009846555063407512,0.004842683178356858,0.004963101394217598,0.016001084745082054,3.0850694044759446,1.7564365643187756,2.884617918015532,1.6423126098688998,-1.4939549341942946,1.2312890129606044,0.01350517384412715,0.0008356719932003349,0.004097394020916158,0.0158401771450892
K001,N15_M07_F04,10,1499.630155736046,1.2548910809353473,402.24118987229247,99.99882813873275,3.0745941332312015,1.7534520618571816,3.0788543680824803,1.75588168907309,-1.4938703701651894,1.2174558873527264,0.006792661531681182,0.0009076608001308646,0.003619983066504973,0.01226402663508676,3.091132673254994,1.75816173125654,2.9631390361277026,1.6853620366369695,-1.4951279625339207,1.2191956475727674,0.01527526163968115,0.0037623104067803646,0.005675919157753989,0.010701373310252683
K001,N15_M07_F04,11,1499.5526106362133,1.2550039680272371,401.87378119495264,99.99296924435,3.082875611366782,1.7558119521653741,3.0575021342098725,1.7413608162532297,-1.4951356303800127,1.2267215955006023,0.00571520701573965,0.003644228829868437,0.004093086797619483,0.014048159292508538,3.0775886501740572,1.754305745921747,2.921812131858139,1.665509070269254,-1.4961529792070358,1.2242423978706218,0.003975264467117448,0.0010696998622621195,0.004701293383787984,0.013519664956379513
K001,N15_M07_F04,12,1499.5920743910092,1.2543059148656281,401.150388144557,100.0,3.0680443010745613,1.7515833697185417,2.9934454325920488,1.7089939790151463,-1.4990509206877909,1.2036698594098003,0.003617546308685831,0.0018806475248373483,0.00325510882995967,0.015063345103474983,3.0734377501616947,1.7531222861402722,3.0444152811911778,1.7365675545052,-1.492287198637323,1.2033692747605562,0.005361634071954474,0.0014930834039794973,0.0036581191247900746,0.014002337407390894
K001,N15_M07_F04,13,1499.6154980509052,1.2543758832154457,401.4686475194931,99.99960937652585,3.0729048517929054,1.7529702940417746,3.0540582255207425,1.7422190415326924,-1.5012842305522311,1.2079404401648102,0.00837390511222566,0.0035721131206915744,0.003027760599755973,0.014014615913070086,3.0711280328723816,1.7524634184120311,2.9321438579255297,1.673155529022368,-1.493816881151071,1.2054082453909898,0.012895050862090198,0.0005920481412845915,0.0027519897909240166,0.012754540592295254
K001,N15_M07_F04,14,1499.56628595185,1.2537176320259722,400.8616526811928,99.99960937652585,3.062783059270491,1.750080872208622,3.0946963480524796,1.7683161945235921,-1.4974494207746456,1.2116291874121263,0.0037150700664461667,0.001522868689009527,0.0040326632041302315,0.012566714044841573,3.08372295303432,1.75605323183391,3.0092874125620486,1.7136652568438036,-1.487605405403643,1.2142256806822487,0.011515007660376641,0.004543221126177697,0.004489504998482365,0.01271819691967307
K001,N15_M07_F04,15,1499.6050489249321,1.2535929020364212,401.0836335761981,99.96813826439023,3.078925131511557,1.7546866191749333,3.074721677655524,1.752291061010815,-1.4939038151450825,1.238636403921111,0.010370709408078703,0.004938853182355486,0.0037001010116940593,0.018448993923007348,3.0724827424411796,1.7528498915883184,2.8935720806072704,1.650781447112567,-1.4953379115990677,1.2352535572839343,0.014917358039954918,0.001070958030063075,0.004603989176036061,0.01817348997786906
K001,N15_M07_F04,16,1499.6091918030888,1.2536000596995576,400.94179446182926,99.99960937652585,3.063147309123038,1.7501849356919508,3.0085986308242223,1.7190175560702943,-1.4988361756103528,1.2074607453638608,0.00588290417952621,0.002061556856210761,0.0022464400517778964,0.014269716833054665,3.074280936669689,1.7533627510215017,2.8928832988694446,1.6499057580549508,-1.4915595023213712,1.207291866837968,0.013183260404412048,0.0015718230839891832,0.003680199288051702,0.013182802618466855
K001,N15_M07_F04,17,1499.5771801923584,1.2536022950563008,400.61499069904806,99.97090307661678,3.062153451558464,1.7499009833583339,3.0643899515881334,1.7511790556898195,-1.4975424520321534,1.2357816951281198,0.003254569313191879,0.0018391650327069361,0.005096473611556066,0.01874689798811705,3.0812845305587726,1.7553588039368968,2.889439390180314,1.6460676778445043,-1.4877926642024788,1.2381214245138734,0.008907556394102588,0.004489519456999845,0.004513096867451345,0.018731820653776845
K001,N15_M07_F04,18,1499.6009230585898,1.252989619148529,400.81980806750494,99.9636580141811,3.0724223270344946,1.7528326580237186,3.0802319315581324,1.7572880773633166,-1.4978886810196652,1.233390627153239,0.009091685802348076,0.004129245069187125,0.00396175836651323,0.01698541641417333,3.068934767088026,1.7518375401526325,2.9156130962177045,1.6643170553153437,-1.4943354684122436,1.230330346331403,0.014472144609537656,0.0009338145781800148,0.004171597441801154,0.01643021527571492
K001,N15_M07_F04,19,1499.6150391529345,1.2529718889260766,400.69435618511585,99.96728003614777,3.068049170272854,1.751584759659907,3.050614316831612,1.7416310001600657,-1.5004681450854431,1.2335276189228435,0.00919781479403967,0.00425571661928732,0.004439023123758204,0.01757594674209226,3.067537132337679,1.7514385893709432,2.897704771034227,1.6544712378839292,-1.4931723998886541,1.2310735704855649,0.014145560741721826,0.0010296529880554875,0.004359714426850552,0.01636091269510218
K001,N15_M07_F04,2,1499.548810226667,1.2565851179756324,403.2611952435972,100.07396704825487,3.0793259728673115,1.7548008356697666,3.0141088847268307,1.7176358840611194,-1.4971308157114172,0.883495622136036,0.004657278557797872,0.0015510321987929371,0.005098527731592843,0.017466494551533273,3.0976803112853712,1.7600228155581878,2.9397204570416164,1.6702740618219143,-1.4885408952160513,0.8851587180936124,0.01280842910956507,0.0034432646360373167,0.005633497483697347,0.01748080645743977
K001,N15_M07_F04,20,1499.608925339947,1.2521925121110808,400.72381367491465,100.05731150557715,3.060598095978768,1.749456514457781,3.0575021342098725,1.747686843852476,-1.4990134411330591,0.9945501189111081,0.0038816337203027972,0.0019467315551273915,0.004097907327790893,0.016907940635689025,3.069176399836662,1.751906504307996,2.982424924786832,1.702388179650541,-1.489885510747577,0.9938630677770828,0.005633266002823895,0.0027177223884238414,0.004216917209631253,0.016480890092622876
K001,N15_M07_F04,3,1499.6205188538681,1.255842133958223,403.0228297094717,99.99960937652585,3.088897376739798,1.7575259249125736,3.0244406107942217,1.7208512078959344,-1.500548654373153,1.2089793036919356,0.003986696170601547,0.0036233926332119282,0.002674869499165827,0.013447976787584994,3.074526757097656,1.7534328493266162,3.0099761942998744,1.716619028470818,-1.4937540973144918,1.2051798982255655,0.004841196416855998,0.0007273018403526867,0.0035865697711471305,0.013378401461235978
K001,N15_M07_F04,4,1499.6187266830611,1.2562700046040562,402.14124325848917,99.9609527528309,3.0845823618644896,1.7562979137562311,3.0451040629290036,1.7338197802765567,-1.5010061545702094,1.2345699636996599,0.008872574910886106,0.004364408555903005,0.004180906179252592,0.01714605921989173,3.080014540017484,1.754997019945471,2.967271726554659,1.6907559915098056,-1.493334026613573,1.2315584748640864,0.01384430549810646,0.0008960643415649363,0.004025021426435478,0.01578414540127117
K001,N15_M07_F04,5,1499.5921566688523,1.255801446623848,402.32434507542797,99.99960937652585,3.0785407757286936,1.7545770931277695,3.034772336861613,1.7296318005906046,-1.500647053294086,1.2129233977799343,0.007519058998560465,0.0028384190985731757,0.0026474540202849595,0.013853317184077838,3.0788452376417648,1.7546638531758054,2.9101028423150956,1.658495920485303,-1.4932909530964014,1.2108853219039049,0.013221182342308117,0.0008709144449761414,0.0032810685000243716,0.01255857448153967
K001,N15_M07_F04,6,1499.5619928818035,1.2555961398562476,402.6533658211436,99.88567772042155,3.0782458807066884,1.7544930551890732,3.0623236063746546,1.7454179127797362,-1.493976985876902,1.0367979201957576,0.006686899884038581,0.0011213673449044239,0.0038695163382085384,0.01506515546354125,3.0940135138197578,1.758980816785606,2.9128579692664003,1.655991891139217,-1.494595650362486,1.038179725812723,0.013675461055604007,0.0028757702270032176,0.005340783965578695,0.012853792985292292
K001,N15_M07_F04,7,1499.6306961483997,1.2549621868476817,402.49503819745786,99.85178251033622,3.08136665946956,1.7553821975483173,3.076099241131176,1.7523814730646463,-1.4920199580205342,0.8193430178929646,0.00854066735308126,0.002346931618844742,0.0022981029435121484,0.015140374798793283,3.0866286876198954,1.756880385120141,2.933521421401182,1.6697331510139084,-1.4972094207511444,0.8180611197924633,0.016274955061736113,0.0017485362529623078,0.006021355718476441,0.013961365710199507
K001,N15_M07_F04,8,1499.5525639331054,1.2554861540960098,402.0748985383159,99.99921875610347,3.078902388616616,1.7546801385485093,3.0340835551237864,1.7291376863897334,-1.5002192540523465,1.2004441007810196,0.005031663297662033,0.004198372883620298,0.0031576144317771635,0.015584519843950435,3.073878888357905,1.7532480966360422,2.875663755423793,1.6401921444782004,-1.4928762421001258,1.1979478426104564,0.004550541299347629,0.001207979926246374,0.004052832566604382,0.015258907932967872
K001,N15_M07_F04,9,1499.6351477363082,1.2554268840953449,402.11003166573795,99.885573727105,3.071645247884124,1.7526109801904484,3.02995086469683,1.7288211125823136,-1.498833633307977,1.0092783781056223,0.0035803103682036227,0.0018560859917456528,0.003928825040856526,0.016719672074699956,3.080452864264993,1.7551218944178757,3.028573301221178,1.7255629428665238,-1.4902540739054817,1.0096049921960295,0.007261346075264356,0.0021960110499813453,0.00325851124515378,0.015719901167945034
K001,N15_M07_F10,1,1499.5858041391823,1.2620291569724484,1035.6908452185908,99.99960937652585,3.122008705815634,1.766920684641966,3.060946042899003,1.7323618821742683,-1.494023177354018,1.220356171089555,0.005515619839293471,0.002138107744418412,0.002746738828197091,0.014942564595499124,3.121142695445161,1.7666756056065192,3.00377715865944,1.7002426190337363,-1.4964015923631864,1.2196671473806082,0.002824777523983251,0.002219935130262916,0.002239686967953583,0.013280110724117288
K001,N15_M07_F10,10,1499.5903450699711,1.2658085744886363,1030.0079809271242,99.95066179241435,3.1470587948867785,1.773995150750638,3.0630123881124813,1.726618241778404,-1.4938394488148243,1.2369663407829024,0.009072302778888056,0.004277431965865646,0.0014104121309980212,0.013480863707750226,3.1403044922809586,1.7720904300517395,2.8942608623450967,1.6332467086685827,-1.4958588089429639,1.2346541653853078,0.013944539900699972,0.0011236929588538322,0.0024277571141877253,0.013495224430301546
K001,N15_M07_F10,11,1499.5497094292168,1.2656600503171866,1029.9443248022778,99.99960937652585,3.144803258153352,1.773359314451911,3.073344114179872,1.7330633950682153,-1.4967357400173738,1.220517014761112,0.006581122524066935,0.004165625840187173,0.0023718257225810303,0.013930562530048944,3.135083635648456,1.7706167387801506,3.1408447244868256,1.7738704575054907,-1.4940703827482236,1.2180922196952733,0.01167512587162829,0.0011199537857305166,0.002299831098350441,0.01463203286445918
K001,N15_M07_F10,12,1499.5895680148606,1.2652961001285887,1030.1494722098407,99.97202275482606,3.1278857011456433,1.7685829641681057,2.9968893412811792,1.694514423127917,-1.498310380683316,1.2490590127429082,0.004914856154563925,0.001918342814735281,0.001916595852648084,0.018631383909740663,3.1436734737899275,1.7730407422814423,2.928699949236399,1.6517950656158775,-1.4887368551753855,1.2510540164255652,0.012060419468476498,0.003981900262213288,0.004059216730353838,0.018412022330734787
K001,N15_M07_F10,13,1499.603508333321,1.2648855509035426,1030.5896567192162,99.96758863337276,3.135148366162403,1.7706350177725514,3.027884519483352,1.7100557083144179,-1.4949481295932596,1.2502456772791368,0.007089029814314489,0.0010524198465851349,0.0033062188295840495,0.019141045336953273,3.1455651342353783,1.7735741129807285,2.981736143049006,1.6812018856307052,-1.4943692179997237,1.251482457374587,0.014919092663989747,0.003506383517922075,0.005967466048308713,0.01718592019162786
K001,N15_M07_F10,14,1499.5476615824202,1.264600531742947,1030.3547213216104,99.95949272427008,3.1366514772505445,1.7710594222810663,3.0664562968016114,1.7314248512633847,-1.4996390257612546,1.2478085941493342,0.006304769032807037,0.00473429966103617,0.002584081001924939,0.017244400770269265,3.126864706027941,1.7682942928223064,3.0340835551237864,1.7158250000802764,-1.493348142308919,1.2450712631952094,0.003976650838795954,0.001311513995252113,0.004697871768457932,0.0167336846982412
K001,N15_M07_F10,15,1499.5835824860576,1.2637250144179282,1030.8714381054535,99.96017211892135,3.1356133877718957,1.7707663278286878,3.0643899515881334,1.7305445125250862,-1.4974246212986984,1.2465564361865873,0.007934163210216654,0.004446257390232829,0.0029316427813298887,0.01704780748281156,3.127026802224997,1.7683401262836844,2.9080364971016177,1.6445006556589885,-1.494416318944688,1.2436143384110214,0.013357193794760615,0.001245265188904282,0.0033054222553527786,0.01687246574114411
K001,N15_M07_F10,16,1499.558453015724,1.263907480565077,1031.2457623674813,99.96056243435207,3.1299435397079325,1.7691646446014946,3.0382162455507427,1.7173168448859109,-1.4954598975488955,1.2447436484995833,0.006491194352468536,0.0014540949440365737,0.0026979898298566843,0.017279483000165213,3.1399996339185843,1.7720044113710847,2.9273223857607475,1.6519836897560194,-1.49373423744712,1.2459163238924627,0.005850166298395788,0.0031788995117472975,0.0025630737756893057,0.016042077844241987
K001,N15_M07_F10,17,1499.6331396694973,1.2632212442092239,1031.5768318511641,99.85797941674286,3.123107690069183,1.7672316458430635,3.0313284281724826,1.7152977286836542,-1.4999481518933528,0.8440836267795668,0.004336403099255122,0.002140580415734576,0.003212844128544643,0.01504726727049171,3.123807124261395,1.7674295245529297,2.8942608623450967,1.6375537593654255,-1.4913321884243362,0.8438065453728585,0.0050889543406182946,0.0020640317288417504,0.004351198394136998,0.013982715093852549
K001,N15_M07_F10,18,1499.6123223480263,1.2634531674786023,1031.3796099295207,99.96017211892135,3.1316405439632047,1.7696441856947416,3.0361499003372647,1.7156838221381254,-1.5009664592486769,1.244062234553222,0.007947278910804706,0.0050481827573861885,0.0036558852624077117,0.016677207273711175,3.12259372353602,1.7670862241373566,3.0685226420150897,1.7364872183942575,-1.4928904534636216,1.240946435576851,0.012806911812349959,0.0012899076138882487,0.0030938781669146475,0.015734365877395313
K001,N15_M07_F10,19,1499.6209269646918,1.2652181604809858,1031.890805013654,99.99960937652585,3.142481928117853,1.7727046928684578,3.051303098569438,1.721269826184105,-1.4992668546891668,1.229596671939189,0.0062164032869958166,0.003948929408361921,0.0029566362462246512,0.012072302301384891,3.1335631885479267,1.7701873314844185,3.013420102989005,1.7023170652012598,-1.4934334504018956,1.2270048815489776,0.012190283953806788,0.0008316785261315302,0.003131380164513658,0.01159794862407395
K001,N15_M07_F10,2,1499.6137642483084,1.2653347442975282,1030.231000457858,99.99960937652585,3.1296444715208818,1.769080120153093,2.9858688334759624,1.6878087088659222,-1.4994420006954061,1.2256612735362444,0.004770181590768935,0.0023610575333313424,0.0013523958218288334,0.01319410516093066,3.1331433058292575,1.7700687291258657,3.014797666464657,1.7032093821314445,-1.4920429849551977,1.2255058103270458,0.012247833930020886,0.0014268692629697867,0.003093730131894801,0.012306098653036704
K001,N15_M07_F10,20,1499.6071884853413,1.2646305755708354,1031.930420563968,99.96563681234575,3.140260902155113,1.772078130939805,3.038905027288569,1.714882077844341,-1.4991138336654788,1.2500532544970209,0.006748722649048611,0.0053379828282436636,0.003226511555421112,0.017610316996686522,3.1285274826930216,1.7687643943422826,2.9245672588094433,1.6534521319878488,-1.4937404178083922,1.2468724439916536,0.00367070340689737,0.0011097195248345564,0.004705425264648179,0.01747709407391379
K001,N15_M07_F10,3,1499.625374399369,1.2652259190613977,1029.7020615589547,99.9660271704538,3.1312991020690295,1.7695477111592752,3.028573301221178,1.7114957014846937,-1.496652309817089,1.2481490336251948,0.00630138953249542,0.0010767306291233662,0.003651624872461535,0.01805504528866151,3.145471216035859,1.7735476356827462,3.0099761942998744,1.6971499009899171,-1.4914848568277264,1.2503822422211204,0.013771317106880595,0.004116415643225882,0.005408317634300851,0.01693352416928526
K001,N15_M07_F10,4,1499.6191200246412,1.2657248192189585,1029.6180741360313,99.99960937652585,3.1288693082099743,1.7688610200380284,3.017552793415961,1.705929838032774,-1.4981877191629072,1.2240801316708485,0.003655115922405324,0.0017594156990119929,0.0011271121338940339,0.013032528697281155,3.144063854998838,1.773150826917676,2.8880618267046625,1.6287739220273052,-1.48989842013335,1.2257174263333632,0.008290530453968064,0.0033589987566563398,0.003128169710786207,0.013631100353423423
K001,N15_M07_F10,5,1499.6196180514828,1.2659023092740533,1030.0267361859358,99.99960937652585,3.13104875998211,1.7694769735665141,3.0161752299403095,1.7045574907148868,-1.4976955305880475,1.2231878642688014,0.004656107158423529,0.0015571007969384762,0.002523637910532825,0.01301632686861013,3.1449186204386956,1.773391840637228,3.0451040629290036,1.7171072930136042,-1.489467889755826,1.2249728500638708,0.008948489687061151,0.003665997635829354,0.0034783836057713227,0.013246693793539344
K001,N15_M07_F10,6,1499.6284534305455,1.2658977685197164,1029.7974299916016,99.99960937652585,3.1452597868176593,1.7734880283829546,3.065767515063785,1.7286654694021901,-1.4964425970965176,1.226277116245574,0.006208607330410891,0.003406889916531378,0.002286811837735076,0.012657376702112075,3.1352211975102535,1.7706555841016212,2.9101028423150956,1.643517163046475,-1.4947856325826983,1.2238181176304908,0.011374356576303875,0.0009214248440169812,0.002472670496979501,0.013227820044658911
K001,N15_M07_F10,7,1499.560067628192,1.2655981569947385,1029.936180932613,99.99960937652585,3.1459380733386393,1.7736792475920327,3.0946963480524796,1.7447891732701248,-1.4959511371020975,1.2196165978525932,0.007357729833350254,0.0035643235844139707,0.0020610520326426393,0.013380488191711752,3.133137504360873,1.7700670903558637,2.9176794414311824,1.6483439849981034,-1.4943294789761519,1.2164033663503528,0.01182829429090229,0.0010043832770041754,0.0021734747609539963,0.013742185044736666
K001,N15_M07_F10,8,1499.5614465347735,1.266349042665121,1030.1515504405127,99.96836938312487,3.1340039066820187,1.770311810580842,2.9762258891463977,1.681187388209252,-1.4980500571790327,1.2499824359298946,0.004943040395428576,0.0017054133765123409,0.0037142638807638275,0.01873805036377983,3.1412931633610515,1.77236936425821,2.897015989296401,1.6345441575091146,-1.4897955263081215,1.2509840162678063,0.006512396933668781,0.0033607599721530955,0.003228248119996291,0.01797912843077391
K001,N15_M07_F10,9,1499.6246952018575,1.2661283871354336,1029.9813452551184,99.97071170555502,3.1485889310765964,1.7744263667666225,3.038905027288569,1.7126126415863017,-1.4951675460942484,1.2524931939306612,0.008491378575369838,0.004513765243154306,0.002231439996739073,0.018278057251220208,3.1395670074204878,1.7718823345302837,2.946608274419877,1.6629819130743841,-1.4954284294335305,1.2498393421390455,0.01343670191697368,0.000774434859587584,0.0034636784640718443,0.018054851122886593
K002,N09_M07_F10,1,899.6271890243601,1.2788608467248643,1014.7200375302455,59.999765625915515,3.109042889986564,1.76324782432492,3.0292620829590042,1.7180013161897945,-1.4945050148524162,1.2058617196374388,0.004708262398633596,0.002322110739812394,0.0017163933661917638,0.009051021894013918,3.152895619043414,1.7756394957995876,3.29031036159508,1.8530283705552637,-1.4925182956685032,1.21408890939307,0.004012650844371267,0.001193540762969639,0.0006335600217098584,0.008781151931907498
K002,N09_M07_F10,10,899.4647827343297,1.2646661548110094,1007.3125682204787,59.93468056298019,3.0419210222391393,1.7441103813231373,3.00377715865944,1.722240284115894,-1.494776072446908,1.1916680737648526,0.004443364234262083,0.0024652251456800836,0.00122039655119559,0.00902218222730392,3.08678515316496,1.7569249139234608,3.5678894019389817,2.0307580441621615,-1.492963075025808,1.200180613948024,0.004366646133176572,0.0015257362256101352,0.0016195278711275871,0.009024968345134785
K002,N09_M07_F10,11,899.6038570111543,1.2761743329713666,1007.0742980478248,60.0,3.0960866244911758,1.7595700112502417,3.0705889872285677,1.7450791770694005,-1.4946323554174223,1.218212300656464,0.004835491628518709,0.0034040190530689714,0.0016159855946960594,0.00884021052762708,3.142356904673716,1.7726694290458433,3.4294442726359438,1.9346214338913013,-1.493268532326163,1.2271263603902804,0.003648851860757749,0.0016654134165261238,0.0011644991683143417,0.00894632514245539
K002,N09_M07_F10,12,899.7809546984923,1.263878026216553,1014.1675703813406,59.99929688323965,3.0381380078050286,1.7430255327461581,3.0168640116781353,1.7308203207586002,-1.4945616472608398,1.2195658034302879,0.00489400572962915,0.0032664993214736224,0.0007550535824921955,0.010582929144387328,3.0828423258577664,1.7558024734740996,3.345412900621165,1.9053469573953838,-1.492576094967416,1.2282752847112484,0.004243081163021831,0.0015059796061384686,0.0015099931205019318,0.010279243811036858
K002,N09_M07_F10,13,899.8914913792546,1.2677428757886209,1007.7133343405444,59.998125058591924,3.0547143216236843,1.7477741048612903,3.00377715865944,1.7186300851492653,-1.4943049727249194,1.2252032290276438,0.00477924269218765,0.0031828859070357394,0.0013141885043653845,0.011174406953405373,3.100221896473865,1.7607446994024616,3.2600039651307338,1.8514915684466187,-1.4928027995352358,1.2340778038394775,0.0043673928459011455,0.0013979159831042044,0.0012093604860990664,0.010735045345989593
K002,N09_M07_F10,14,899.8596480687029,1.2664747606036235,1007.2153567364464,59.999765625915515,3.048375317594551,1.7459597124775106,3.0444152811911778,1.7436915980559273,-1.4943177660216715,1.2225183473319405,0.0046356742824543275,0.003246709903823306,0.0013485414388033818,0.01055576145331838,3.0946256331207214,1.7591548064683566,3.127069089730304,1.777597445223223,-1.4926109011342321,1.2315295205365846,0.0043707530974912995,0.0015825252657891194,0.0005897610741117084,0.010584517768608666
K002,N09_M07_F10,15,899.8091398271267,1.264719701775987,1013.7572681141266,59.99929688323965,3.0412436894123105,1.7439161933454,2.981736143049006,1.7097932540720686,-1.4944911696539476,1.2137809279999707,0.004272012333107343,0.003300427211592636,0.0014562378744416337,0.00928379120659945,3.087130486978919,1.7570231890840027,3.5534249854446345,2.022412115856683,-1.4924891424324904,1.222687245729642,0.004441997169100786,0.0017195516863728413,0.002080579132259191,0.009096809371910932
K002,N09_M07_F10,16,899.8585885045225,1.2739078684959169,1017.503696099794,59.999765625915515,3.086877441732022,1.7569511779591436,3.0141088847268307,1.715533659977956,-1.4941877204467116,1.2373207924228775,0.004909648114360753,0.0032965931356663575,0.002022235782781396,0.01260948883371086,3.1304486222889096,1.769307384907696,3.6257470679163704,2.0492465576327903,-1.4924568168865373,1.2457939308808803,0.004710286688055558,0.0017997588459673951,0.0008681527807106895,0.012363684019316186
K002,N09_M07_F10,17,899.852434692087,1.2629186740527134,1008.024689544945,60.0,3.032801566665956,1.7414940616223633,3.025818174269874,1.7374840609281457,-1.4941861471785958,1.2228966895322693,0.004720126813214416,0.0033611394270289404,0.00127226217804916,0.011580498193833595,3.077626434717986,1.7543165149761277,3.1456661966516077,1.7931007146075992,-1.492531505729599,1.2317184288607752,0.004517333639691581,0.0014563555796768058,0.0015167819642642078,0.011214758766422861
K002,N09_M07_F10,18,899.6921738903674,1.2728195359473538,1017.7985346973333,59.90943378564435,3.079753037274273,1.7549225160314836,3.0168640116781353,1.719086731248032,-1.4939775259629147,1.0822723794771123,0.004029560174525905,0.0036881176196176795,0.0018508865558826007,0.0102015180762811,3.126445531860241,1.7681757638482214,3.2427844216850823,1.8339717623023817,-1.4926279485956688,1.090702129317703,0.00395183569587546,0.0021954791310383687,0.0010587959730070477,0.010070179415529072
K002,N09_M07_F10,19,899.5386592714735,1.2629426455511914,1007.7405695768006,59.9985937829582,3.0324252363597357,1.741386010153905,2.9562512187494416,1.6976426831912852,-1.4945941747886669,1.1950033080528393,0.0039539148285752165,0.002428515183081445,0.0008812737513609583,0.008625189079261962,3.077804198409421,1.7543671789022448,3.1856155374455195,1.8158203001944244,-1.4928060459327679,1.2036301252244512,0.0042255434885060845,0.0010792863031179683,0.0011407857466229267,0.00872343183219853
K002,N09_M07_F10,2,899.7994140955251,1.2359972780137776,1009.9369159157635,59.999765625915515,2.905228750893381,1.7044731593349838,2.9259448222850954,1.716627103372329,-1.4945263148488106,1.1897177851420073,0.004875449356296392,0.002882331149529978,0.001171442011055407,0.00966999691756671,2.9488763244387624,1.7172292579730764,3.258626401655081,1.8976070821792228,-1.4931089264269843,1.1983927362145448,0.003730882451302758,0.0012200225269027453,0.001138286138488143,0.009249675724958677
K002,N09_M07_F10,20,899.828697488283,1.2635785598884879,1008.4630471570699,59.999765625915515,3.0360562488862817,1.7424282621922436,2.952118528322486,1.6942554206554623,-1.4943167546611564,1.2219584826118244,0.004602796906119904,0.003373426795539951,0.0022075231338424244,0.01142783798414601,3.0814804936523865,1.7554146215787274,3.2455395486363865,1.8488734847824837,-1.4925260795713289,1.2308354495141949,0.004785098008325556,0.0012977679377420598,0.0012164362413275094,0.01078790526673961
K002,N09_M07_F10,3,899.7297616425703,1.2363725852019736,1009.041128397216,59.999765625915515,2.90821727010044,1.7053496034832387,2.953496091798138,1.7319006529602579,-1.4947590435965514,1.1922288354843782,0.004326331360718248,0.002795547479787104,0.001570794751538146,0.009999006478583124,2.950008888858858,1.717558991376674,3.096762693265958,1.803002230964895,-1.492786530255163,1.2005175931559664,0.004250278116466557,0.0012739792192215126,0.0009976987100819336,0.009846769193396483
K002,N09_M07_F10,4,899.6376381311047,1.2811369361823963,1014.9268002727206,60.0,3.120606048550964,1.766523718649417,3.006532285610744,1.7019484391125903,-1.4942151023122998,1.2277755820628882,0.004129204190676401,0.0030056094244010853,0.0007509839534021925,0.00918579236731419,3.165086993953155,1.7790691369233391,3.441842343916813,1.9346310227544146,-1.4926831358217174,1.2362154813238562,0.004411055116830907,0.0015839871236492458,0.0017077491844827565,0.008770761869914795
K002,N09_M07_F10,5,899.7127120509373,1.2635300637525981,1010.8800980856394,59.999765625915515,3.0367648715562874,1.742631593755917,3.0085986308242223,1.7264685442433358,-1.494960163473823,1.2170662644016588,0.005121758014921997,0.0028790047369499708,0.0025984085640389167,0.00996984495410145,3.0791228790909924,1.7547429666737497,3.180794065280737,1.8126837523732475,-1.4926277941824009,1.2252882134738758,0.004373276519315518,0.001471367107224735,0.000987981253800598,0.00975982568363737
K002,N09_M07_F10,6,899.6640186787502,1.2509297674872897,1007.6091042522105,60.000234375915525,2.9752440726326226,1.7248895827364203,2.979669797835528,1.727455384772215,-1.4942463613683328,1.2088268976420626,0.004804338682632061,0.0031119602778620164,0.0011343168325920797,0.010838764984663617,3.020488001338256,1.7379551206340904,3.474903867332464,1.9994209436574233,-1.4932401338341965,1.217787431439118,0.004637170137257068,0.001089580998347205,0.0011017201859642193,0.010652524388279296
K002,N09_M07_F10,7,900.0721872618161,1.2646243461235374,1011.8343231139129,60.0,3.0398291504298376,1.743510582253471,2.9872463969516145,1.7133514573170108,-1.494466001852134,1.203253367550192,0.004431459426837731,0.0028103656015294517,0.0021423911672197207,0.0073857446181566705,3.086559298245312,1.7568606371153381,3.213166806958562,1.828925265372439,-1.4926745074859813,1.2122341199666908,0.004144841858158303,0.0013671007238595311,0.001348923783655217,0.007282184824063241
K002,N09_M07_F10,8,899.4004340717094,1.2551374897064984,1006.9881866390733,59.999765625915515,2.994843742346828,1.7305616840629598,2.9500521831090074,1.7046790127601605,-1.49410370500569,1.1626494641203526,0.004549403477781921,0.0022065944999132524,0.0012911215886009006,0.010017512172578435,3.0396874098917124,1.7434699337504254,3.5417156959015914,2.0314177074926154,-1.4923045339044014,1.1710979191767166,0.0037535771600212525,0.001138223601199737,0.0014848707465812913,0.010092960080061383
K002,N09_M07_F10,9,899.6695044231608,1.2633003522020136,1012.5640672383097,60.0,3.0332789366175072,1.7416311138175924,2.992067869116397,1.7179687738569924,-1.4941131151202391,1.2196498014045625,0.004750120206456791,0.003207419869414443,0.0006829214959625948,0.010750919515734859,3.08119219889987,1.7553325038008811,3.297198178973341,1.8783895198395777,-1.4927935049987948,1.2290226233342265,0.004727645846074323,0.0012859737926251642,0.001450091811872326,0.010499316333492823
K002,N15_M01_F10,1,1499.7566366925878,0.6773453974033776,1026.5973278760753,99.94450079421277,0.9483777059471666,0.9738468595971168,2.06014617783774,2.11547242519222,-1.4918044224347342,0.6357964814519516,0.0018110483599373943,0.0014338486734373236,0.0006860789265493057,0.007127412637795238,0.9701048820388047,0.9849390245283232,2.2268313583916464,2.2608824535691965,-1.4796791850574964,0.6427736638757477,0.005153942135027524,0.0021081369503592215,0.000864788649940304,0.007167071905688341
K002,N15_M01_F10,10,1499.4201528164215,0.657580577644467,1034.7493604829074,99.99760148296883,0.8946583025912194,0.9458637864889529,1.9003488146620946,2.0091146757147675,-1.4881234988013572,0.6179952147865192,0.003559068567410579,0.000854984673354107,0.00046104171743523555,0.005164439962931644,0.9149486800982225,0.9565294977669129,2.009865110976438,2.1012055725083365,-1.4810232695792411,0.6243335889898123,0.002518900324982085,0.0016259497989051315,0.0007418600427335478,0.004987268033673407
K002,N15_M01_F10,11,1499.6170175373634,0.6496133149905338,1034.6057079622615,99.99843752441367,0.8781408999043356,0.9370917243815227,1.8741751086247045,1.9999910999765296,-1.4895513898443775,0.63034789900991,0.005434146240378612,0.0016989337038714033,0.00037441030375137983,0.007067914719415784,0.9017746191264352,0.9496181438485868,2.237163084459037,2.3558554551120126,-1.4789099464276325,0.6384858631181024,0.004432777059618085,0.0014022075351360747,0.000692390752388008,0.007011559619891696
K002,N15_M01_F10,12,1499.559047583707,0.6513109161893185,1034.0865219669051,99.99960937652585,0.8826434051058002,0.9394910351386011,1.8962161242351383,2.0183440323679016,-1.4851346651875585,0.6117287592881512,0.005072639334312092,0.0010938120685356578,0.0007430790680559679,0.007673704607336653,0.9015812468699549,0.949516322592695,2.296398313912078,2.418492720211132,-1.4858085807938695,0.6178570386981862,0.0011148466219568834,0.0010184974643205535,0.0005242182006481675,0.007217648266650822
K002,N15_M01_F10,13,1499.4371612567163,0.6491943187102304,1031.3755097663343,99.99960937652585,0.8778960618564091,0.936961078090445,1.891394652070356,2.0186480487802925,-1.4916874114850092,0.608611483210415,0.005579274887600068,0.0014524935539185818,0.0003678715852950826,0.005079131285738966,0.9011224586748331,0.949274701377232,2.191703489762517,2.308819024232646,-1.4789383774358753,0.6164599417778204,0.0032075515826514205,0.0009539036843070711,0.0004388853396886491,0.005143394110541651
K002,N15_M01_F10,14,1499.1871159388952,0.6528047035449437,1034.0927967517289,99.99960937652585,0.8870806483089585,0.9418495890050377,1.9451196276207885,2.0652125884299606,-1.491639035412307,0.5992946208356745,0.001733868524063711,0.0017556164897315604,0.0011220469114637706,0.008755479419419347,0.9095182038383579,0.9536866381775294,2.033283690062524,2.132024932160187,-1.4788274108171975,0.6066620130255623,0.005001499861920651,0.0017771759556147826,0.0007285533871222559,0.008671374817231866
K002,N15_M01_F10,15,1499.7468006267832,0.6553448580735645,1033.6627546599173,99.99882813873275,0.8947299955934211,0.9459016838939558,1.9113693224673116,2.0206849771097284,-1.4867257443514774,0.6564102660527376,0.0041396196913500325,0.00041039332557672644,0.000538308546620716,0.00767275669551364,0.9124455703956208,0.9552201685452526,2.3246383651629468,2.433615245690679,-1.4841962124478683,0.6625080078442157,0.0022437094922678823,0.0023589366405402904,0.0005784979088879197,0.007524715388560832
K002,N15_M01_F10,16,1499.5973304589647,0.6519127595628632,1031.0656231285948,99.99921875610347,0.8862077378369347,0.9413860726805633,1.8893283068568776,2.0069643706084186,-1.4890340556794242,0.6472719236135996,0.0027702881580106012,0.0012735742634514518,0.0006157440217349906,0.005712874257417988,0.9072246722700333,0.9524834236195574,2.137289732474259,2.243912785749371,-1.4792823434970614,0.6545192090944434,0.004478089812764218,0.002217160035280292,0.000712598937695893,0.006062982898023284
K002,N15_M01_F10,17,1499.4797450100994,0.6549016681797827,1033.4118586284385,99.99960937652585,0.8901498222960672,0.9434775155222658,1.9093029772538335,2.0236867819758597,-1.4894677942471064,0.6308442054832349,0.0030323636835692253,0.001559211609302666,0.000608024502911895,0.007933223057996057,0.9134773565191957,0.9557600936004786,2.3074188217172953,2.414223859279303,-1.482824496738192,0.6385891726955014,0.006332252110445691,0.0004358003157329306,0.0002360547601926417,0.008311372347543765
K002,N15_M01_F10,18,1499.681507111294,0.6491050727890959,1033.4735002836069,99.99960937652585,0.8759580815166469,0.9359263226967425,1.9423645006694843,2.075339109036734,-1.4856603189361481,0.6339043434614776,0.00443203706896715,0.0013208805185427352,0.0009710873680290687,0.007265880837175683,0.897842781468714,0.9475456619439054,2.1827493271707787,2.3035822069965817,-1.484138078661303,0.6413378142956484,0.007476182560228757,0.0008707241733806148,0.0003050077762388422,0.007054099395029697
K002,N15_M01_F10,19,1499.9235631327474,0.6446868574319887,1030.3070798398094,99.99960937652585,0.8680062274908181,0.9316685180313963,1.8583331286547051,1.9946290903779162,-1.4890716137124047,0.6407833517519332,0.0059439837023013715,0.0015319108860167557,0.00024486263497083247,0.005655911310717438,0.8899237362737362,0.9433576926456562,2.3384139999194677,2.478820089293343,-1.4776934991972976,0.6483945327421168,0.005494242389957503,0.0021547911991580838,0.00080699935160249,0.005908165122023718
K002,N15_M01_F10,2,1499.236745892484,0.6461123221743866,1032.590014394881,99.99960937652585,0.8722271531972836,0.9339310216484318,1.8845068346920952,2.0178222920209383,-1.486784488172745,0.5986142129955405,0.0045058541502227155,0.0005585765683141201,0.0004830629328275189,0.008536222617939617,0.8904204937157507,0.9436209481119793,2.045681761343393,2.1679062609159376,-1.4790462707543572,0.6042813669344139,0.006170121542369008,0.003235036466103472,0.001125604709310125,0.008568798999837283
K002,N15_M01_F10,20,1499.2837132682146,0.6481580177493359,1033.0261024039849,100.0,0.8772826550590658,0.9366336824282296,1.8948385607594862,2.023030557525012,-1.4873497546418868,0.6171433529454159,0.0025597454564829803,0.0004063422120784832,0.001054527959214393,0.00927443928901581,0.8942779624247896,0.9456627107086276,1.9940231310064385,2.1085986667616696,-1.480190674526678,0.6226492341066614,0.003386968207392862,0.0025233869791620902,0.0010774344366116608,0.009505301508791808
K002,N15_M01_F10,3,1499.9225738142663,0.662620097595268,1032.153010915651,99.99960937652585,0.9099189306064461,0.9538967085625394,1.938920591980354,2.032631598972788,-1.487826340682436,0.6603781891697675,0.005462590281321101,0.0009939217128458384,0.0006187786162260851,0.006910020470402249,0.9298278381748522,0.9642758102196965,2.41142486412903,2.500762581174385,-1.4815706609248964,0.6671592581943124,0.0069950948104760165,0.002227984310824533,0.0006439069476400043,0.006961724959159147
K002,N15_M01_F10,4,1499.8930316087574,0.6590472865057309,1033.0823847444558,99.99960937652585,0.9011527999961318,0.9492906825604747,1.9155020128942681,2.0178245168568174,-1.4872310147337717,0.6471064429329066,0.004169312181804968,0.0008627253998087025,0.000768614016427664,0.005933428830960789,0.9199125446650084,0.9591207143342325,1.9947119127442647,2.0797297805510135,-1.4845028444785218,0.6534870685841415,0.002843765406792107,0.0018610598772751457,0.000526941434077635,0.006172855108206562
K002,N15_M01_F10,5,1499.3657964236754,0.6590582153825516,1034.3878451445053,99.99882813873275,0.8975348564975582,0.9473831624520029,1.9334103380777454,2.0407902680830023,-1.4928785006811618,0.6193339426307175,0.001644402254625415,0.0026924805779105815,0.0005080703255909983,0.00575795850348136,0.9239280504865792,0.9612117615211433,2.1248916611933897,2.210638431879664,-1.481702892987779,0.6278831660476707,0.004876154530984313,0.0009318830667889742,0.0002735985652683587,0.006183793467706054
K002,N15_M01_F10,6,1499.601217509831,0.6562483326669867,1034.4726596372448,99.99960937652585,0.8924939689707282,0.9447189894199906,1.9437420641451364,2.057481733630119,-1.4902625719975975,0.6210115620257263,0.00559299144650011,0.0021829879872768405,0.0010889914099027548,0.005880803150270597,0.9150748741537165,0.9565954600319387,2.1228253159799113,2.219146342079686,-1.4830038766940388,0.6286638611799817,0.0027730075910882765,0.0009119418255156285,0.0005767225716420795,0.005914629568964986
K002,N15_M01_F10,7,1499.6106535647848,0.6493502729674586,1029.9988524916735,99.99960937652585,0.8769188844123399,0.9364394718359217,1.912746885942964,2.0425739660385718,-1.4885772001730249,0.6276524708646045,0.0036770733849821944,0.0012945721638843027,0.0007547708112259123,0.005293227531003249,0.9000839292375058,0.9487275316114241,2.3811184676646833,2.5098022227944914,-1.483289421273914,0.6354202779015499,0.006797766850572317,0.0004580345126434762,0.00031877874308039526,0.0055088328133263585
K002,N15_M01_F10,8,1499.7016445694915,0.6494076795198509,1031.8862848799056,99.99960937652585,0.8800173221775047,0.9380923846708834,1.9361654650290496,2.0639390071462165,-1.4868281036683546,0.625090352725706,0.004268865441240492,0.000801591397856806,0.0006935769470857236,0.007978231676217886,0.8977930220417345,0.9475194045726634,2.4238229354098992,2.558072081387143,-1.482984896293514,0.6310941306011121,0.001960061959996247,0.0026405476858626605,0.000744834575939194,0.008041042552197822
K002,N15_M01_F10,9,1499.4563386809907,0.6569721104960594,1034.3100683283617,99.99882813873275,0.8981008113146361,0.9476818091082239,1.8617770373438356,1.9645592217242016,-1.4876391269217994,0.6395813972556814,0.005344953988681061,0.0008055092299976492,0.0003010882849368725,0.007760630494043411,0.918196373038909,0.9582256378530628,2.425200498885551,2.530928419238808,-1.4768299877067987,0.6463872570001689,0.006411209721472388,0.0023711545808686786,0.00047130846308916167,0.007790738393839243
K002,N15_M07_F04,1,1499.4604565001107,1.2887721148020068,401.2991901846632,99.99960937652585,3.2198195526154465,1.7943855640902393,3.023751829056396,1.6851182318720057,-1.5039157971248258,1.1379083170004234,0.006430930171271496,0.004470738866016175,0.0007835856853521047,0.009780221262990735,3.2849313741347337,1.812437964216909,3.2868664529059495,1.8135056304264126,-1.4911889219790226,1.1496003351894792,0.0031126441177983448,0.002359691089146203,0.0013194362928443206,0.009506685580981394
K002,N15_M07_F04,10,1499.717399049475,1.2917676460894179,405.04893674953837,99.99960937652585,3.230531279866012,1.7973678754962803,3.081609495033785,1.714512391728881,-1.5013416514512363,1.1606484140832625,0.004307506907577023,0.0031777350147683403,0.0014405517785273116,0.00813374656042434,3.286179831521663,1.812782345324905,3.2111004617450836,1.771365696508677,-1.4931131199588197,1.1706429465831756,0.00762620442046168,0.0016435127826202023,0.0007684323480506269,0.007846748935127344
K002,N15_M07_F04,11,1499.1485468801936,1.2866330154544154,404.15984360628914,100.0,3.20251882815774,1.7895582773851597,3.072655332442046,1.716990930818807,-1.505975840424901,1.1209650038607646,0.007306581590605585,0.005517823676978252,0.0013647386317816325,0.015895796178437102,3.2673260500102184,1.807574631933691,3.394316404006815,1.8778291883725287,-1.4916978006311736,1.132396630965066,0.003425901535203913,0.00208679448979589,0.0019332492530789403,0.015038414332656003
K002,N15_M07_F04,12,1499.6490572048613,1.2839647165802082,404.1076999536808,99.99960937652585,3.192382671189565,1.7867240053207896,3.0864309671985666,1.7274245815287106,-1.50341125501728,1.2347080171683127,0.003044374953021961,0.0039563292062256925,0.0010632177159480838,0.010928345810771864,3.2555538372236414,1.8043153375238048,3.250361020801169,1.8014373392523946,-1.4896230028039723,1.2467327021096708,0.007939732340472174,0.002687719992577555,0.0012564169698341349,0.0103398294153411
K002,N15_M07_F04,13,1499.5929582067197,1.2840644396917271,403.8737019749493,99.99960937652585,3.202348183396785,1.7895105988500837,3.097451475003784,1.7308930592499234,-1.499651985523566,1.230104392943358,0.0034790646526942502,0.001867424310177293,0.0011321539764413513,0.014079072697280518,3.2500622434346105,1.802792900872036,3.2717132546737764,1.8148026060515343,-1.4857316812647523,1.2390915256307868,0.007089251434431737,0.00491426701402055,0.001701302699725123,0.01418279507977534
K002,N15_M07_F04,14,1499.50682484105,1.2900202965488974,400.6645977365149,99.99921875610347,3.2330299779955123,1.798062840391156,3.14359985143813,1.748325909874352,-1.4970812864460645,1.1986979032014635,0.007865669221613015,0.0032142911676917353,0.0021585572985612462,0.00875900860212449,3.2803360528440946,1.811169802322271,3.41084716571464,1.8832288178288266,-1.4952681831624248,1.2072551812681624,0.0027434828161487144,0.0020492035710409466,0.0011929452369104276,0.008337601937269316
K002,N15_M07_F04,15,1499.546116853967,1.2857939238388711,403.06219492490095,99.99960937652585,3.21121314984307,1.7919858118420107,3.0905636576255238,1.7246585532106888,-1.4974933420168413,1.2141248847834674,0.00693990866239513,0.0017329511132104498,0.0010008373895666661,0.01536674932326423,3.249396259161697,1.8026081823740003,3.257248838179429,1.806964414135575,-1.492472757410204,1.2211563823049765,0.003391034577212116,0.0030882984734247445,0.0015810355770012427,0.014421074747564969
K002,N15_M07_F04,16,1499.4822360727082,1.2905791603783654,403.04190200376877,100.00156252441444,3.2382174172094813,1.7995047699879767,3.0623236063746546,1.7017590936394769,-1.4981447359641207,1.2179954205181085,0.006858989680926339,0.001378791165219014,0.0018998231948763398,0.01629610061932699,3.275517382723224,1.8098390488447376,3.2779122903142115,1.8111623198795381,-1.4909503504726669,1.2248197987210232,0.010908136386252498,0.00373826241191699,0.0030643867525460356,0.014865045867577609
K002,N15_M07_F04,17,1499.286961934464,1.285383908047297,400.14247460783673,99.99882813873275,3.21683457238752,1.7935536156991572,3.12087005408987,1.740048374786556,-1.4989613129728665,1.1469983024695547,0.0033817679486766376,0.0013245054536358185,0.0008084454170858282,0.008387352525686566,3.261612868400131,1.8059935958912288,3.276534726838559,1.8142560052776056,-1.4882278544726397,1.154685618039035,0.005393340132853053,0.0033448086405124425,0.0022704682102631644,0.00785923238666397
K002,N15_M07_F04,18,1498.8008907243611,1.291531086937556,399.9120431481388,100.0,3.2355989734350468,1.7987770771930152,3.1305129984194346,1.7403562887873734,-1.500657963184537,1.1896980136051556,0.010630665348483224,0.005472981285927274,0.00211864994148998,0.011856352398814218,3.295051540467923,1.815227682817757,3.571333310628112,1.9674299507620845,-1.494172787277074,1.200992790849114,0.002679711115714901,0.0013483716553370374,0.0011192029615661682,0.011144896606463001
K002,N15_M07_F04,19,1500.161047943096,1.2847368297609647,399.3855333917724,100.0,3.212415723305839,1.7923213225607284,3.0161752299403095,1.6828317511901463,-1.5013646462445023,1.2359491116319228,0.006820518572330317,0.0029495757857141277,0.001031758418434766,0.010179635245710424,3.2669795445014636,1.8074787812036588,3.4769702125459423,1.9236575547683692,-1.4873374519733005,1.2463208429916575,0.007599727715743306,0.004090235332049098,0.0008127127012110174,0.00997789353222736
K002,N15_M07_F04,2,1499.5928280096027,1.2851978218326445,409.7827564832623,99.99960937652585,3.1986616229353926,1.78848025511477,3.0451040629290036,1.70262101257226,-1.501179757594028,1.2298595250831041,0.004463933881612541,0.004438557181848826,0.0011496647749195089,0.014737351994388687,3.2568789076402616,1.8046824949669849,3.243473203422908,1.7972542053621707,-1.4943296622475757,1.2407006962991474,0.009096161749378202,0.0019820956657911745,0.0011198818723724083,0.01376271699654856
K002,N15_M07_F04,20,1500.3512044727834,1.2775262284967273,398.26694333124595,99.99960937652585,3.179697716583823,1.7831706919372086,3.0995178202172617,1.7382059015617817,-1.496236938407447,1.1861106348450483,0.0076335510391920365,0.002012104859152517,0.0013403306803383185,0.008019089790328213,3.2213873385693224,1.7948223696425567,3.3846734596772503,1.8857985708921805,-1.4939215044286833,1.1931408703286157,0.0034034224351027083,0.0025816384395285653,0.0012373473967199498,0.007723479624549101
K002,N15_M07_F04,3,1499.4920623616567,1.286579121846645,398.6059152177888,99.99804691314623,3.2247226999393512,1.7957512912258622,3.0995178202172617,1.726028451357197,-1.4967782460370336,1.2247001974090481,0.008677236950782955,0.0027152056304311396,0.0013670358356314923,0.013035226904979075,3.267639654297605,1.8076613771106593,3.2930654885463846,1.8217269728968677,-1.4948752367532874,1.2324067070127265,0.0028503195812390925,0.0021916464973597083,0.0009600083561853515,0.012526070802342018
K002,N15_M07_F04,4,1499.840894564405,1.2830613983815151,400.90256275246014,99.99882813873275,3.1983568727936893,1.788395055012647,3.082987058509437,1.723884803789974,-1.49847659985986,1.2245636346251354,0.006902259021404999,0.0028781528501524776,0.0011371992603163214,0.011994196454307708,3.243871528555008,1.8010751035298356,3.3295709206511654,1.848657456940973,-1.4936753641060736,1.2332055335870395,0.003607597731503411,0.0032995031445832213,0.0012952038969891613,0.011156927946999122
K002,N15_M07_F04,5,1499.8825324223085,1.2861639110069767,407.07929691123314,99.99960937652585,3.207350445194652,1.7909077154322197,3.07541045939335,1.7172355855595423,-1.5024110997796638,1.114915075293979,0.006142601721122967,0.0023416981355250097,0.0006616671128125701,0.011691972560845454,3.2640660063690645,1.8066726339791237,3.277223508576385,1.813955360223967,-1.4876647301081805,1.1247178977459935,0.004722984870296999,0.0026208531448899557,0.0007889057662073724,0.01123873029667301
K002,N15_M07_F04,6,1499.3661335376275,1.2855545971905722,406.6634446063786,99.99960937652585,3.197792391721526,1.7882372302693863,3.0857421854607407,1.7255776432950642,-1.5037033134666271,1.2077602240662972,0.0032058020364012633,0.005325026029124485,0.0015838648428523668,0.011388043440324893,3.2588675536462755,1.8052333792743462,3.3240606667485566,1.841346778157147,-1.4923160683174888,1.2187733865449741,0.00722951533826133,0.001822921565290882,0.00086456628982243,0.010913673552862166
K002,N15_M07_F04,7,1499.5353715683848,1.285574488282011,400.7646128478091,99.99960937652585,3.208320169608593,1.791178430421881,3.0953851297903054,1.7281277382629274,-1.5044326718438155,1.2396621188222432,0.007559417951468943,0.004366052410592972,0.0008295208584975192,0.01209557599200805,3.2689984622559423,1.808037184976001,3.2076565530559535,1.774109835632905,-1.4906570872553948,1.2510494247775168,0.004732148837515813,0.0025661716367379288,0.001333270460426572,0.01189392287313608
K002,N15_M07_F04,8,1499.5413522590047,1.288115365346308,406.14265653830137,99.99960937652585,3.2225615612028236,1.7951494537232335,3.10502807411987,1.7296766392791865,-1.4977573490128155,1.1937335281209165,0.004841496619208864,0.0009787751113487916,0.0011230583163387242,0.011920155631471623,3.262624536230747,1.8062736603933378,3.217988279123344,1.7815618694359903,-1.491351922960992,1.2007475941194605,0.0033379492070734966,0.003028164756876854,0.0015484617946121568,0.01153555911874744
K002,N15_M07_F04,9,1499.686653558317,1.2881421911624757,405.14010231627856,99.99960937652585,3.2196159889427425,1.7943288408044782,3.067833860277263,1.7097389232744067,-1.5012514865757898,1.2171573986089135,0.006075927111705284,0.0025735879345502232,0.0007040900270730025,0.010165655706541639,3.270565949359566,1.8084706105877324,3.472837522118986,1.9203173674967011,-1.4873911391907553,1.2264301059782166,0.007510141547818113,0.003386634111215436,0.0012879994776330498,0.009694337072817449
K002,N15_M07_F10,1,1499.6660009380348,1.3130612905258825,988.4949844136904,99.99960937652585,3.32442085913936,1.8232994430809657,3.155997922718999,1.7309268286651112,-1.4973209501117526,1.1879983966505474,0.005235992573017331,0.0013945756826127475,0.0015248301116664795,0.009326945584103453,3.366854591616549,1.8348990685093687,3.2786010720520373,1.7868018619223018,-1.4910969143426898,1.1947554696548046,0.005166414936486109,0.00436226544010166,0.0016110471301575544,0.00884995461897302
K002,N15_M07_F10,10,1499.305909662638,1.2995472054880255,1010.0373887621207,99.99960937652585,3.2641905039667276,1.806707088591487,3.0864309671985666,1.7083184024062004,-1.500738306305675,1.2179718577567826,0.005794554658971243,0.005974819027170713,0.0015374999853544479,0.01793083385647516,3.319205844254238,1.82186877800083,3.497633664680724,1.9198054804576767,-1.4932853704059899,1.22774028175627,0.006579646794169882,0.001994154640806105,0.0008024799160220437,0.017473633710852605
K002,N15_M07_F10,11,1499.4977135608474,1.304170039333537,1003.3716028329807,99.99843752441367,3.273688830519857,1.8093338084830717,3.165640867048564,1.7496168215099055,-1.5054353189596974,1.1815670366931905,0.009480306819457439,0.005055328842645884,0.0018112254608628055,0.016322784537383277,3.3415005264644324,1.8279771679275516,3.5024551368455064,1.9160278357395324,-1.491566422080407,1.1937734666796864,0.0032832588600577054,0.0017920929518408203,0.0011857767490385523,0.015464912038910768
K002,N15_M07_F10,12,1499.2034193949112,1.296289141412409,1013.4338020028473,99.99960937652585,3.2595889557829567,1.8054331767703165,3.0788543680824803,1.7053272354228848,-1.4959499403417447,1.1800429181826246,0.00544020866614752,0.003924919521166363,0.0019266496598361394,0.01391033827485538,3.302330057754045,1.817231426581118,3.3089074685163835,1.8208508944519288,-1.4956537749412748,1.187566030766663,0.007458552163517705,0.0019958788809516796,0.0011508323092180393,0.013074275606789301
K002,N15_M07_F10,13,1500.102837365059,1.3020118814986799,1010.6701311977222,99.99960937652585,3.2793666614744574,1.8109021678363681,3.14359985143813,1.735930249171905,-1.5029749503389018,1.1912035850407166,0.008965865878445604,0.003772314508014824,0.0008341021907319999,0.009211726541796326,3.337022825197021,1.8267519878727438,3.516919553339853,1.9252309983443963,-1.4910372761418245,1.201590967672959,0.006284027624343727,0.002984687037838254,0.0013708374896964904,0.009071418248519224
K002,N15_M07_F10,14,1499.4000591136528,1.3025791557556472,1005.08463816216,99.99960937652585,3.2818702450870187,1.8115932890930622,3.149110105340738,1.7383096549873382,-1.5001178026526811,1.1759913219515752,0.002761806392076042,0.0019972903851321893,0.0016511523961945053,0.009988567267312828,3.3300928783710995,1.8248542074289384,3.2379629495202997,1.774368021477348,-1.4881074390282216,1.1843551183241745,0.006276963344242326,0.0041191463885908485,0.0015792181896894292,0.010205220224324046
K002,N15_M07_F10,15,1499.9312487633144,1.2990437438341753,1005.5015012986123,99.99960937652585,3.256817233987602,1.804665407766105,3.14359985143813,1.7419294667643779,-1.5038750171568436,1.2493128610504458,0.00948754639330594,0.004613710854947985,0.0006303012487708496,0.012182062262628522,3.320032476885098,1.822095627810214,3.434954526538552,1.8851669880063673,-1.4898496396219796,1.261142268159086,0.006506205949131166,0.0031558642490030985,0.0011290397204626976,0.01080792754312113
K002,N15_M07_F10,16,1499.5532734051078,1.2983704804693792,1011.4328894635471,99.99960937652585,3.2607013107952296,1.8057412081456272,3.1284466532059567,1.7325000055897586,-1.5041035031143608,1.213475262928873,0.003023693324883546,0.0036750925905005578,0.001651572094765984,0.012722818549557792,3.321557599798069,1.8225140876816477,3.4328881813250742,1.8836003543280828,-1.4896549950576414,1.2244637734281927,0.005719199498772349,0.0020656152268779793,0.00102986971636847,0.012514332372542174
K002,N15_M07_F10,17,1499.6417478345445,1.2993227761118704,1007.0737640235844,100.0,3.2603383979624394,1.805640716743627,3.0822982767716107,1.707038531081845,-1.5034057168978883,1.2640554076560513,0.008993827238207271,0.004599085178095026,0.0004717796391411462,0.016297725248095925,3.323072143493337,1.8229295497888385,3.6140377783733277,1.9825438557359305,-1.4891120066374537,1.2757326328650413,0.006947670068582811,0.0036091555428093385,0.0010956609709906909,0.015773964918133022
K002,N15_M07_F10,18,1499.8270760617984,1.2950369105266624,1014.160666210805,100.04851490485689,3.249627765592021,1.8026723955261592,3.134645688846391,1.738888162167402,-1.5035702185739743,1.0922514248784934,0.002665336278820975,0.0052856104534299035,0.0009893890062967821,0.010999141200521688,3.308414885173763,1.8189048587470877,3.3233718850107308,1.8271279385662655,-1.4890205229591285,1.1007289904141173,0.006699827860799883,0.0033424743293411353,0.0008638566015219985,0.011181212947066954
K002,N15_M07_F10,19,1499.4281783658487,1.2935024170030731,1013.7460726773741,99.99960937652585,3.2405411081621454,1.8001503015476639,3.1146710184494357,1.7302283124756994,-1.50245631523615,1.2124780357859146,0.008406182933420984,0.005577135675553245,0.0024533030646687517,0.017431886336864526,3.297471865875162,1.8158942331190884,3.3199279763216007,1.82826065294513,-1.4925567801791881,1.2223861448844704,0.004478683027578274,0.001920285902178079,0.001517810345423824,0.016684414403476268
K002,N15_M07_F10,2,1499.6540134553607,1.305248673780668,997.7756200355551,99.99960937652585,3.2751348229506623,1.8097333568652212,3.1091607645468273,1.7180214713688233,-1.5066349066022278,1.2585719517378335,0.0026309418794097502,0.006389746000859608,0.0010178034512034891,0.013624491854493305,3.341812655496611,1.8280625414620286,3.19594726351291,1.748270199200564,-1.4909878208105058,1.271234488997531,0.007178748298042599,0.002417207088199275,0.0008397883011944487,0.012676068213359487
K002,N15_M07_F10,20,1499.8691580853467,1.294984592783939,1008.3634325639562,99.99960937652585,3.2370631945408355,1.7991840357619995,3.1766613748537806,1.765612250726972,-1.500335328943467,1.2133047224140974,0.011002865452918172,0.0041918278398517155,0.0021662457541041604,0.010434700941612664,3.29276837233913,1.8145986807939463,3.3750305153476856,1.8599321993725904,-1.4934545665366308,1.2234130974642003,0.00450518278969321,0.0016642020745004863,0.0008652098360382888,0.010607583551866013
K002,N15_M07_F10,3,1499.5958672532722,1.2970961249818798,1008.5056546625299,99.94729341948582,3.2600286269862515,1.805554936020018,3.1394671610111735,1.7387824088761852,-1.4995077845083176,1.2641331283908266,0.004291120857293923,0.0021367491890576062,0.002118051215931098,0.015474951710766986,3.3037738282290428,1.8176286276984754,3.2462283303742128,1.7859689712769677,-1.487235561701201,1.2723433699504245,0.006274231322165594,0.006072783641985397,0.0019003186130880517,0.015823028373418112
K002,N15_M07_F10,4,1499.6283465108563,1.3088675890940007,998.6827746415037,99.99960937652585,3.304480654196448,1.817823053599125,3.1497988870785645,1.7327312913334705,-1.5008101380784236,1.1797979965446308,0.0028364197262513557,0.00204419233842842,0.001521670178915052,0.01460916754230526,3.358614562647642,1.8326523299981483,3.303397214613775,1.8025225846394515,-1.487321618552817,1.1894372385274479,0.005745755918280851,0.0031727504718327155,0.0013269990007266337,0.01410848826977991
K002,N15_M07_F10,5,1499.836592748395,1.301903100378388,999.6936062392513,99.99921875610347,3.269700956028514,1.8082314442649519,3.0340835551237864,1.6779287655608404,-1.5010087937671535,1.2544891712415256,0.00812075470605971,0.002849872963846656,0.0007867730378676209,0.012097395638106101,3.328695898231273,1.824471402415306,3.560312802822895,1.9514215449524805,-1.4874163698151042,1.2652473661422359,0.008506357563141909,0.003937459781915812,0.0009601346599709852,0.011957544864979951
K002,N15_M07_F10,6,1499.8525387246677,1.3063127559132262,999.8384412421437,100.0,3.293124253407613,1.8146967386887576,3.10502807411987,1.711045161387938,-1.497350992257115,1.2694425410026777,0.007779805536098203,0.0024959915794971256,0.0014988374576691064,0.01581554642678037,3.3371438917857317,1.8267851246891988,3.4294442726359438,1.8773112536809244,-1.4937241610468923,1.2775311208976412,0.011528451130750449,0.003247377443720999,0.0020032569349271024,0.01497873837973922
K002,N15_M07_F10,7,1499.8313796653479,1.3008606157619755,1009.8659288363895,99.99921875610347,3.27510325079245,1.809724633968508,3.1374008157976956,1.7336343645374124,-1.5016498669727396,1.1890774035813754,0.002702950098748764,0.0024158228026627763,0.0012401793146128064,0.010557089814028685,3.329392314267187,1.824662246627355,3.3777856422989894,1.8511840470982375,-1.4884866539258654,1.1988181742941524,0.005974740358207123,0.0028760970047713784,0.0014106334509240762,0.010365778448358648
K002,N15_M07_F10,8,1499.5540145234245,1.304065092219908,1009.7108329391652,99.99882813873275,3.294732258783786,1.8151397353327337,3.1091607645468273,1.7129043588354296,-1.4969817319422054,1.2301032362041784,0.007079956456993303,0.002570428601421275,0.0015878003516927395,0.012491860184745199,3.338028772908492,1.8270273049159642,3.549292295017678,1.9426596884828335,-1.491736395218596,1.237778348075556,0.009065016146139021,0.003464651949683471,0.0013409985894033822,0.01168471197597383
K002,N15_M07_F10,9,1499.6253503918822,1.29924781295572,1012.7283178367966,99.99960937652585,3.268970393626863,1.8080294227768703,3.182860410494215,1.760402994773063,-1.4997241061518867,1.2293580235989763,0.009216549351382124,0.005571219395993949,0.0029735507692717606,0.016309449685838973,3.321867631644799,1.8225991417875733,3.348168027572469,1.837029301072009,-1.4940151540292625,1.2389991356273693,0.003451875902374192,0.0018856675121752444,0.0012241536284379915,0.016698933552200156
K003,N09_M07_F10,1,899.7483597999941,1.184870789964827,1047.52676775809,60.0,2.6704370692052057,1.6341471993688959,2.8481124859107507,1.7428738898250327,-1.4946033097641453,1.1420973243878898,0.0036832181621382423,0.0024405709069186686,0.0004916420388609963,0.009506881955464664,2.691663877759703,1.6406291103597128,2.7627035504203197,1.683929373784297,-1.4940173140716155,1.1466416431362916,0.004401898284745325,0.000742383916703299,0.0017221523210206723,0.009375836271117667
K003,N09_M07_F10,10,899.7476258845647,1.2195294889732515,1036.7101916620875,59.88280747443479,2.830274237997363,1.6823418909357761,2.8935720806072704,1.7199667298290757,-1.4946876800265383,0.8819884540765253,0.003621360816424415,0.002728165954075569,0.001864603544314643,0.011770059119564793,2.852752333571196,1.6890092757504904,2.9025262431990093,1.71847856898791,-1.494095618114682,0.8849772321372863,0.00450961117365034,0.001031707889145283,0.0023545970082591767,0.011661431744301955
K003,N09_M07_F10,11,899.8179200236407,1.2198624242436207,1036.9943793169164,59.999765625915515,2.8324083536625286,1.682976040727416,2.923189695333791,1.736916999763306,-1.4949294315492487,1.1805741881691432,0.004694966658246827,0.002838667745779889,0.0021375927544627147,0.010530085906323143,2.852117971365916,1.6888214740954461,2.8770413188994457,1.7035793084289297,-1.4940458515879966,1.1847437743604734,0.004490958906384939,0.0009289191771217508,0.000688442549221721,0.010446152137080314
K003,N09_M07_F10,12,899.704283869709,1.2210348573154406,1037.7286245027674,59.999765625915515,2.8366078425183847,1.6842232163577322,2.8791076641129236,1.7094572952979623,-1.4942299188674864,1.180453541599098,0.004504131793325216,0.002673372715987342,0.0004252889876063773,0.010488044473327567,2.857616398348131,1.6904485790310604,2.934210203139008,1.7357583303840292,-1.493929020749967,1.184851862861046,0.004537856878877267,0.0008572352160788945,0.0017059480932110137,0.010053851591207186
K003,N09_M07_F10,13,899.7520523382285,1.222215531040128,1037.949233730902,59.999765625915515,2.840830111396083,1.6854762268854708,2.885306699753358,1.7118643702765297,-1.4938796959340916,1.1803843162479313,0.004106499787624069,0.002913080818054541,0.0009454501535652923,0.010326397571334682,2.864002474509131,1.6923363951972228,2.817806089446404,1.6650389942822335,-1.494196962838299,1.1852592643346336,0.00462892461026498,0.0006750958080115203,0.0012520048413869104,0.009962487122838365
K003,N09_M07_F10,14,899.7612132688498,1.2214018600431218,1038.2753508910887,59.999765625915515,2.838520020637095,1.684790794323466,2.8797964458507495,1.7092902309020168,-1.4944896474443694,1.1793950744415884,0.00475507509667742,0.0027817652078062907,0.000782665244884607,0.010024725915564825,2.8599519264040323,1.6911392392124405,2.921123350120313,1.7273109643418085,-1.4941445614919384,1.1838705199750854,0.00457847925014402,0.0008098275597396485,0.0023285573785896386,0.009878183731548135
K003,N09_M07_F10,15,899.7531222261753,1.2217046876969655,1038.458860622535,59.898219821787194,2.837690694258001,1.6845446548720522,2.8694647197833585,1.7034067405006283,-1.4939461683086706,0.9762113350381425,0.0051479641164627835,0.0037685190577315506,0.0013593071445308544,0.010437084274418517,2.862275807586157,1.6918261753460835,2.843291013745968,1.6806046951982752,-1.49392830711938,0.9807170175203309,0.0033458953517519893,0.0015670177238323738,0.0016201488119436998,0.010353067148808983
K003,N09_M07_F10,16,899.7618179390174,1.2224003597999122,1038.6389260372748,60.0,2.841640050236284,1.685716479790206,2.9045925884124872,1.7230611572202077,-1.4939568011873314,1.1820656609468165,0.003777611499889549,0.0028942167148932408,0.00137341062723249,0.01070954906850657,2.864741375766186,1.6925546891507484,2.830204160727273,1.6721493130289034,-1.4940421688117882,1.1868874299210408,0.004672871543064302,0.0008245649346083708,0.0006469448211300383,0.010181164415846341
K003,N09_M07_F10,17,899.7206776008586,1.2234011464138088,1039.3697046495392,59.98031895784196,2.8457625278921763,1.686938803837346,2.8639544658807505,1.6977227978667635,-1.4942469176968014,1.1911341711094134,0.0044066901229052975,0.00315875177403311,0.0005194450019429116,0.012864108372206912,2.869803151568607,1.694049335635951,2.8811740093264016,1.7007615709401998,-1.4941742612095572,1.1961930012860176,0.004897381820067688,0.0008857312938770886,0.002203833251680786,0.01219562870566906
K003,N09_M07_F10,18,899.7531404892121,1.2236182325468432,1039.369223258206,59.999765625915515,2.848300457769278,1.687690865582106,2.8901281719181404,1.7124748559454332,-1.4946284327084929,1.1803963194248799,0.004663635782311692,0.002842190779920754,0.0010537168348242823,0.009696952773642709,2.8698311500159903,1.694057599379664,2.8329592876785776,1.6722921869456862,-1.494228809835056,1.1848750699459734,0.004565641821795231,0.0008267796333861863,0.0022079453934187336,0.009522929566075965
K003,N09_M07_F10,19,899.7477671968039,1.2232310081731046,1039.2802644653023,60.046638922088086,2.845066430691042,1.6867324715825691,2.9238784770716175,1.7334571583413592,-1.4938042484850889,1.066649164086416,0.0025782403016843024,0.0025979441711661455,0.002015813462562055,0.010551812563338,2.868559792626052,1.693682317504098,2.9163018779555308,1.72187065296469,-1.4944532396717594,1.0711602681129824,0.0035335998973103,0.0014851379376825526,0.0007039972174245851,0.010043461601017037
K003,N09_M07_F10,2,899.8180490127246,1.2015234014237026,1040.7385186272684,59.999765625915515,2.7464055176638396,1.6572282635967321,2.8212499981355346,1.7023907086960315,-1.4940359819332771,1.1620885377097638,0.003973924449486076,0.002826632086081471,0.0010511534794656115,0.010737540850603723,2.7705997935808626,1.6645118784739454,2.942475583992921,1.7677708534532273,-1.4942707653292564,1.167203419353037,0.004778051072641179,0.001038821346356803,0.0022959480173997395,0.010128445377999843
K003,N09_M07_F10,20,899.7562322175884,1.2237363827224927,1039.7794301639487,59.999531253662084,2.847556818317877,1.6874705385036732,2.8777301006372715,1.7053513142748165,-1.49443761242806,1.1828387359997707,0.0045084123016706605,0.0031098476076162227,0.0007639203127067072,0.0107111171853615,2.8723216057497702,1.6947924963693255,2.923189695333791,1.7248068430772516,-1.4941436362286646,1.1879849854054638,0.004488450214434909,0.0011074303877584776,0.0020691522760593376,0.01030662943945791
K003,N09_M07_F10,3,899.7550482852688,1.2059317331387638,1039.4902420285089,59.98031895784196,2.766811156596779,1.663373426683491,2.8556890850268375,1.716805763045427,-1.494023515742855,1.1726506535948695,0.004428765644186457,0.0028359286095786342,0.0007482522486530845,0.012112666024836266,2.789717818898311,1.6702448380097785,2.9720931987194414,1.7794356438550125,-1.4942194965872373,1.1775359525232125,0.004567486918655805,0.0007834968442837869,0.0016993400218789341,0.011716599198109206
K003,N09_M07_F10,4,899.7250185138573,1.208294259899733,1038.4672563163062,59.999765625915515,2.7778965877873305,1.6667023092884135,2.899771116247705,1.739825462584102,-1.494507774365308,1.169656966642846,0.0046253650279814195,0.002648783998915725,0.002342757884663689,0.010852554125095488,2.8005375798397356,1.6734806780598739,2.8550003032890117,1.7060252566518521,-1.4939199815119617,1.1744463428917218,0.004354447840847953,0.0008921491655566264,0.0013065861512137032,0.010532803891279507
K003,N09_M07_F10,5,899.7533977785895,1.2107982943976032,1037.8372412187894,60.038213097366814,2.7909146153021793,1.6706030693441754,2.874974973685967,1.7209204427085059,-1.4947878404696215,1.0772004067730063,0.0033940240841604944,0.001902988113766053,0.0020857109778119323,0.011960584860218027,2.8125737163768214,1.6770729609581156,2.889439390180314,1.722906192781005,-1.4946517650736553,1.0814629166274876,0.004304163640181119,0.0009894839716696959,0.000780138710762302,0.011951159614896154
K003,N09_M07_F10,6,899.7386364613194,1.2137856782498535,1036.6728585796557,59.999765625915515,2.8022542847841305,1.6739935139611892,2.8687759380455327,1.7137318120529133,-1.4941364747710926,1.1754636087474009,0.004463511562579527,0.0028550172101284264,0.001313107096455892,0.010924474406074348,2.826768273209746,1.6812995786622162,2.938342893565965,1.74766170815552,-1.4949499263263286,1.1806038854333,0.005125197165437724,0.0004720075449949465,0.0006175393509010611,0.010762002447740877
K003,N09_M07_F10,7,899.7759237848467,1.2152009288524195,1036.2466309467034,59.999765625915515,2.809903750728097,1.6762767524272646,2.8887506084424883,1.7233136498848118,-1.494101108543925,1.1737992918436784,0.00365549901001954,0.002443627363196001,0.0010059556213121296,0.010012059231597072,2.83143211084315,1.682685981056225,3.035461118599439,1.803937961552443,-1.4941010347856398,1.1782965181198595,0.004698717681462414,0.0007425175993706137,0.0012515427254530468,0.00980786384537202
K003,N09_M07_F10,8,899.7197524000264,1.216991944956087,1036.8163394496528,60.0,2.8177506732719984,1.6786157014850058,2.911480405790748,1.7344532183364394,-1.4943353579197338,1.1751407315040867,0.004666316730056387,0.003131828288025254,0.0010015234221691298,0.01024773008670048,2.840601005441301,1.685408260760965,2.907347715363792,1.7250109561294773,-1.4941835230682157,1.1799179233491466,0.004180117774576577,0.000991712488619224,0.0020225756011373456,0.009885945123600937
K003,N09_M07_F10,9,899.7543416178409,1.2178789420926557,1036.1867704443532,59.97891366316529,2.8217053807612307,1.679793255362466,2.882551572802054,1.716015684430199,-1.4940706484921662,1.1853700210091265,0.004174299621649453,0.0031227930596018005,0.0009034819808195889,0.01244598496653453,2.8447767913647324,1.6866466112866478,3.037527463812917,1.8009270249538272,-1.4942019702793714,1.1902388590115927,0.004668665052775877,0.000822439983349428,0.002319498653466638,0.012162912163708208
K003,N15_M01_F10,1,1499.6269647323923,0.6413308271408065,1046.4653564358664,99.92650222968624,0.8623298128284365,0.9286171508368971,1.905859068564703,2.052362555275968,-1.4855244321777663,0.6103627552105078,0.0031258961912772,0.00047680659016445314,0.0005595047764103442,0.010752936580676269,0.871760673152521,0.9336812481529877,1.7784344470668825,1.9047554511617206,-1.488172766956454,0.6140030237217855,0.002609454268973939,0.002742427440460487,0.0007815074673862198,0.010876008781361217
K003,N15_M01_F10,10,1499.5358330331987,0.6111191854290432,1061.3775065394323,99.99960937652585,0.7881325314586692,0.8877682870314016,1.7687915027373178,1.992402216407121,-1.4839436109284632,0.6129435223590944,0.0061956112913137944,0.0004748739054058472,0.0007026379429683925,0.007511826530229261,0.7990638717461335,0.8939037262178369,2.022263182257307,2.2622829762816075,-1.4847184551771289,0.6171191612939363,0.008658896386394117,0.0030274089392841787,0.0011741760728483676,0.007413559654359714
K003,N15_M01_F10,11,1499.593067204828,0.6104938903329704,1061.2120543864044,99.99921875610347,0.786181876303725,0.8866689778624969,1.7577709949321008,1.9824433230646905,-1.4825299793060436,0.6109183018693427,0.00510718910487401,0.0010611608239393775,0.0009706950212692628,0.007421372251254529,0.797913411027994,0.893259990723862,1.833536986092967,2.052635296703642,-1.487816301659091,0.6153915113888565,0.008414397742864685,0.001969214076318313,0.0006359924639545014,0.00745804148413447
K003,N15_M01_F10,12,1499.575795704165,0.6098454125553434,1061.2420932499226,99.99960937652585,0.7862737901435575,0.886720807325258,1.8121847522203591,2.0436926000267315,-1.4860195213851883,0.6107714440498233,0.0031015152964329806,0.0005250016630276473,0.0008444743594171943,0.00768861672128567,0.7958186130336782,0.8920866622888598,1.7529495227673182,1.964999138390558,-1.4823596171886735,0.6145554495795331,0.00403738059387118,0.002982614493583013,0.0010948058930053814,0.00787387952909578
K003,N15_M01_F10,13,1499.536435056872,0.6096806524130474,1061.1895681514284,99.99960937652585,0.7840616928072249,0.885472581623635,1.8163174426473156,2.0512407502407917,-1.4900837190985625,0.6053212557788596,0.0070692525734434054,0.0018644178724975106,0.0003197537157757676,0.008167868956526745,0.7977482202847498,0.8931675208407154,1.9203234850590505,2.1500149078993602,-1.48448716106891,0.6107446338768288,0.003661180854915692,0.0010368931616052872,0.0009667891665697323,0.008509416043352255
K003,N15_M01_F10,14,1499.5957660287468,0.6089890889547205,1060.39589365484,99.97734888189395,0.7834098850693247,0.8851044486778522,1.8011642444151421,2.0349736656568362,-1.4860096583448648,0.6226457601817378,0.0026060146274437257,0.0020681587646543026,0.0009798006600334839,0.01030736188270904,0.7964574730473039,0.8924446610559693,2.069100340429479,2.3184634641449393,-1.4819911932339025,0.6278958418572698,0.00713544122810822,0.0024570002861035675,0.0012193861658092045,0.010400295800277001
K003,N15_M01_F10,15,1499.6201608706326,0.6086352916958597,1060.4067839765912,99.99960937652585,0.7826050087703924,0.8846496531228577,1.8356033313064453,2.0749494727394886,-1.4820065854547235,0.6086662913145253,0.0071233127385046426,0.0013265049926526348,0.0012015925062890925,0.007912632319159618,0.7936991108535383,0.8908979239248109,1.7343524158460146,1.9467465006601459,-1.4887513227839246,0.6131547004400772,0.0017920908236982237,0.0012294028498602244,0.0006642564848871257,0.007910918654650259
K003,N15_M01_F10,16,1499.6362966687868,0.6079118303215966,1059.7890132920134,99.99960937652585,0.7821456880887672,0.8843900090394323,1.7887661731342732,2.0225988023961468,-1.4860131636566043,0.6135547059909863,0.005857552029673264,0.0016121137433491447,0.0003728538671971901,0.006967098035058618,0.7945240492880045,0.8913607851414624,1.9292776476507894,2.1644183587733283,-1.4817129124434798,0.6184395572088975,0.00501300006788838,0.0018505069023829752,0.0005937354102317752,0.006989934053512719
K003,N15_M01_F10,17,1499.5738237654934,0.6078794996897898,1059.9935445760555,99.99960937652585,0.7804517757716611,0.8834318172737844,1.833536986092967,2.0754708515606195,-1.4896599834639652,0.6068185398280526,0.007242051349819947,0.0022608503889642363,0.00027076925750783886,0.007940488153544431,0.7937230342293548,0.8909113503763182,1.7068011463329724,1.9157923463563742,-1.4841297681511918,0.6121237377590548,0.003771349832914439,0.001015248482217683,0.0009990247687972572,0.008403479006181262
K003,N15_M01_F10,18,1499.5976800533194,0.6071941689661146,1059.5501900228244,99.99960937652585,0.7787252397895876,0.8824541006701638,1.8273379504525327,2.070745604858988,-1.4856243972220635,0.6094754401100335,0.007732747589403671,0.0017535799922707453,0.0013260166313909046,0.007000639205791167,0.791751193940235,0.8898040199618312,1.7109338367599287,1.9228209789761574,-1.487048821431008,0.6147963563880763,0.002833094079622088,0.0005739900055462698,0.0006635798502317672,0.007368334971444738
K003,N15_M01_F10,19,1499.6130484132423,0.6070428605544507,1059.0685192303506,99.99960937652585,0.7797473521791721,0.8830330413858658,1.7922100818234037,2.0296070450666726,-1.486741856231239,0.6106968773233237,0.006487799061435384,0.0019664284909531897,0.00025734505233758795,0.007130549720569606,0.7922289919835939,0.8900724644564587,1.7226431263029718,1.935396493087717,-1.4826987383819197,0.6156211420268616,0.005020755791845557,0.0019883901059668837,0.0006710620138731722,0.007411776647067353
K003,N15_M01_F10,2,1499.6183786585982,0.6315156662210536,1051.1479479871082,99.86944665466709,0.8368432380256082,0.914791363112709,1.8232052600255761,1.9930285019546514,-1.4838185538734487,0.4700007188619498,0.005712402764684837,0.0006534261321633547,0.0006639049425136979,0.010132898994173451,0.8462202091143446,0.9199022823726141,1.8369808947820974,1.9969304674885164,-1.488213213877293,0.4724718339520186,0.008832753773484204,0.0025413953966762224,0.001429762997012606,0.010075911062752995
K003,N15_M01_F10,20,1499.5779667439974,0.6070475746268558,1059.2223754284455,99.87098967144854,0.7804556854554346,0.8834340300528584,1.7928988635612297,2.0294654751458414,-1.4849348954794455,0.45869620479510104,0.003090300261579601,0.0005512449854340855,0.001145042631815733,0.01078456218924763,0.7903773235191823,0.8890316774554112,1.6723620594416695,1.8811051415269122,-1.484581111974042,0.46189269257996646,0.004432570611059478,0.0024724828845601927,0.001382711442531714,0.01083093766315879
K003,N15_M01_F10,3,1499.6212515272077,0.6280369145606988,1054.3975427063356,99.99960937652585,0.8247749296960001,0.908171200653269,1.8121847522203591,1.995421954491413,-1.4904927774186851,0.6322171335794315,0.0008356573255013064,0.0017173954120657112,0.00048533055562118374,0.0074050081954504,0.8396073857828626,0.9163009253421404,1.9699157701825265,2.149856794531746,-1.48514612858626,0.6379159029336849,0.006444887021897119,0.0004986889633377495,0.000442225311466388,0.007929500747558205
K003,N15_M01_F10,4,1499.5903404146327,0.6215899054595417,1057.2555450790544,99.99960937652585,0.8104160481980265,0.9002311082150108,1.8418023669468797,2.0459217084808676,-1.490309591520554,0.6216961690875884,0.007724578275284441,0.002191475213054503,0.0007692546541602994,0.007263144195679375,0.8237739107744486,0.9076199153690099,1.7660363757860134,1.945788480267093,-1.485294403348644,0.6269886717536771,0.0035960261105768957,0.00047528371846820253,0.0006439655576512531,0.007797894931218142
K003,N15_M01_F10,5,1499.638402326104,0.6177143644980164,1059.1832232390077,99.86463660585068,0.8020415464767411,0.8955677229985128,1.8493789660629663,2.0650353050587076,-1.4838427168506578,0.46180054371635837,0.006900883545409147,0.0013647218709757207,0.00135466302988325,0.010485615223918675,0.8132570174736227,0.9018076388419111,1.70197967416819,1.8872979123949858,-1.48983205006404,0.4655640293369227,0.0016918506190555511,0.001496285430512612,0.0006349133585818407,0.010501961041794966
K003,N15_M01_F10,6,1499.5851695912154,0.6153462146042843,1060.5030912956431,99.9679790067244,0.7969066641522077,0.8926962888643638,1.7660363757860134,1.978317147517956,-1.4869352372251619,0.6291313654824126,0.00244541393431892,0.0020075670458493747,0.0009301210287332396,0.010684251698124541,0.8097378874415392,0.8998543701297111,1.8046081531042726,2.005444673057646,-1.4822253234721923,0.6342551988436302,0.006767865100640197,0.0024949215461852305,0.0010714182076264752,0.010836569195964596
K003,N15_M01_F10,7,1499.6496216437865,0.6137508813073994,1061.6029601303187,99.99960937652585,0.7943853584845455,0.8912829845142033,1.8025418078907944,2.0224124539674406,-1.4855905266823033,0.6145268746829459,0.0030634999776064874,0.0006301103243007459,0.0008854085353113476,0.008027765710221405,0.8040347612336206,0.8966798543703436,1.7240206897786237,1.9226713763846586,-1.4832976223713639,0.6182683599002962,0.004384716665141394,0.00324721571159323,0.0011514193831635075,0.007816500236612744
K003,N15_M01_F10,8,1499.6397699054078,0.6125413984210536,1061.7463074942557,99.99882813873275,0.7908849591715565,0.8893171308209218,1.8108071887447073,2.036177113863943,-1.4857767854038195,0.6152289752503027,0.0027178948594847024,0.0009157690420617938,0.0009756742827045424,0.006729317761661268,0.8026978224649393,0.8959340502877091,1.7612149036212308,1.9657863244015072,-1.4823787663987664,0.6198573007292615,0.005554397466967611,0.0030736960289281107,0.0014388825680967342,0.0067276898385975085
K003,N15_M01_F10,9,1499.6081896979724,0.611428348191646,1061.8462081717842,99.99960937652585,0.7890997299095184,0.8883128558731537,1.8032305896286205,2.0299498962628006,-1.4851114468251991,0.6108871379575898,0.005877158091730483,0.0010635251925078576,0.00034062665080400787,0.008414942461898655,0.8006221528565047,0.8947749174270057,1.8314706408794887,2.0468506718382584,-1.4816979429885466,0.6152877625743178,0.005862060490948805,0.002346665982264862,0.0005134285620678787,0.008215757042066285
K003,N15_M07_F04,1,1499.6130545069268,1.271967140301731,405.6099482862882,99.99960937652585,3.156346228123588,1.776610882586164,3.074032895917698,1.7302792221124483,-1.4964730512906228,0.9254256390023476,0.006963683264433099,0.0017030541766735196,0.0016163298444291819,0.007733551496175355,3.1789143354876916,1.7829510188133861,3.037527463812917,1.7036516605119605,-1.4949250522180613,0.9285950376464123,0.008864298560426117,0.0018781429130355375,0.0016140917124107196,0.007993121448508703
K003,N15_M07_F04,10,1499.5938070820885,1.2533996731369474,411.8287368539865,100.05986813756707,3.0544400701384298,1.747695645739964,3.028573301221178,1.7328951460189157,-1.5022637638951701,0.9767609521813121,0.007175905230494046,0.00487547781085058,0.0011162425899535714,0.018143310872666626,3.082847380801508,1.755803912970212,2.9851800517381366,1.7001784935586832,-1.4927642960759258,0.9819577768790483,0.00502979884418293,0.0025215308942607064,0.0014815579928905516,0.017377079200482547
K003,N15_M07_F04,11,1499.5586124542983,1.2530539493060937,411.74888458829895,99.96563681234575,3.055976279649003,1.74813508621302,3.012731321251179,1.7233973192413008,-1.4979692566660572,1.2341013874650233,0.007572410626342558,0.0015966669451712618,0.0014508416114181841,0.018689944944345487,3.079424000640717,1.7548287667578046,2.982424924786832,1.6995532448998518,-1.4900692321878113,1.238814153709541,0.010904510028519386,0.003881209019701707,0.0022174654612523506,0.01803134865758506
K003,N15_M07_F04,12,1499.6382165389718,1.2522757323384235,411.97917911140223,99.99960937652585,3.048898908116975,1.7461096495114432,3.0333947733859605,1.7372304048801839,-1.5020788371744362,1.2108893559502742,0.008796392700380623,0.004396529764407416,0.000932572499928992,0.012460970888445295,3.07648422281415,1.7539909414857735,3.038905027288569,1.732565975919105,-1.492082551624598,1.216600794282216,0.004739302433213811,0.0023271297913937347,0.0019748278756008208,0.012323657273119397
K003,N15_M07_F04,13,1499.5910184822253,1.251981506951228,412.08241744043255,99.99960937652585,3.049856311808329,1.7463837813631713,2.9858688334759624,1.7097437947718965,-1.4993226127786878,1.210802938138835,0.006511085428114316,0.0017397246611328243,0.0011863113919213482,0.012144574516184007,3.0751579126810182,1.75361281720938,3.0313284281724826,1.7286189964078853,-1.4885392727612878,1.215868275116496,0.008593636530729807,0.004252443670336824,0.0009870641114833698,0.01178633060142553
K003,N15_M07_F04,14,1499.5609350638945,1.2518834240573105,411.9731141218157,99.99960937652585,3.048058629327391,1.7458690183766339,2.9989556864946576,1.7177438026153786,-1.4989361254320863,1.2112698883007518,0.006988539933720861,0.0015901149723031992,0.0012855519570563196,0.01193782376917854,3.0748251261975375,1.7535179286786713,3.025818174269874,1.7255701380538033,-1.4884119367590032,1.216589721982187,0.009533016662947098,0.0046007709763661074,0.0011274339608052474,0.011927802637829301
K003,N15_M07_F04,15,1499.6428765176224,1.2503566122186198,412.0851066339285,100.0,3.041371672613464,1.7439528871541983,2.9720931987194414,1.7042279184326683,-1.4949725154295417,1.2034119108448702,0.006903052414867641,0.004208931603082264,0.0017471532178805862,0.012432246909445282,3.064379385005087,1.7505368847885174,2.9948229960677013,1.7108025669676228,-1.497505247027416,1.2078632138610403,0.010331672352098777,0.0021789937130203708,0.0011790188514893996,0.012227848232566316
K003,N15_M07_F04,16,1499.6330877463595,1.2503322963683254,411.580353202598,99.98636407908833,3.03772277992582,1.742906417432049,2.9493634013711816,1.692209846651832,-1.5036687239787447,1.2251222008804175,0.004099361806420669,0.0053974809952428236,0.001437938492530885,0.017263605467612495,3.0656083348753507,1.7508878704461204,3.056813352472046,1.7458647147365185,-1.4928409112087644,1.2308660850334292,0.009022956564705635,0.001655027814122269,0.0012687987476603857,0.015753019640384423
K003,N15_M07_F04,17,1499.5009428869512,1.2506997040312715,411.2369617065352,99.99960937652585,3.041196048026297,1.7439025339812706,2.9734707621950935,1.7050670575073712,-1.5001840764856629,1.1908304913801973,0.006767202079382068,0.002152773522311139,0.000999365346983659,0.015690323710170515,3.0693473996295406,1.7519553075434147,2.9507409648468332,1.6842558438230661,-1.4901714514141906,1.1964185273685195,0.006347648729715288,0.002819966842067872,0.000921375136240023,0.015104424662073594
K003,N15_M07_F04,18,1499.6279397721848,1.2513387583054472,410.85816686950005,99.95969367190649,3.046598093206625,1.7454506848394844,3.0361499003372647,1.739464727768276,-1.4964724471139952,1.229125065115914,0.011388689474351212,0.00565250137817164,0.0032964529470232346,0.016893627358320614,3.0693309152685924,1.7519506029761776,2.8804852275885753,1.6441589293072911,-1.4960350964022648,1.233852518265306,0.003087420445168877,0.0017448083270528228,0.0020214938299313347,0.017152363007317983
K003,N15_M07_F04,19,1499.5960111930565,1.2505815661017798,410.609235284334,99.99960937652585,3.0397358651554023,1.7434838299093578,2.9417868022550944,1.6873037488440803,-1.5042177682117444,1.2025138253440708,0.0035280223713654497,0.0043560311030694104,0.0011360659969805087,0.014669263019642212,3.068038166454628,1.751581618553537,2.990690305640745,1.7074227509366473,-1.4931655005185511,1.208162347616132,0.007399394679759558,0.0011988719243470113,0.0011676584649816266,0.013783794866962375
K003,N15_M07_F04,2,1499.6775607947131,1.2656126195220498,407.29044628139667,99.9180936193776,3.1193322041785114,1.7661631306814531,3.0333947733859605,1.7175054334961466,-1.499425552310204,1.135133731431349,0.00474437058274471,0.005051985445057124,0.0016815036184179178,0.016989244244236368,3.144752806189765,1.773345089425565,2.955562437011616,1.666659498275659,-1.4961458744030636,1.1400217654308442,0.005899768950934529,0.002422611619159987,0.0010109880638342712,0.017392011621223315
K003,N15_M07_F04,20,1499.6298229037648,1.2499015044966495,410.34769691263745,99.99960937652585,3.044069319694263,1.7447261446124613,3.0161752299403095,1.7287384838325228,-1.495745951649443,1.2109357513338566,0.005896941380870772,0.0011252967822021462,0.0006679227971651127,0.012674686470301894,3.0638174852385873,1.7503763838782183,2.9163018779555308,1.6660998770413205,-1.495480870253829,1.2150401582675394,0.003403634985245334,0.002554190045574941,0.0007725734359289767,0.01138797407503223
K003,N15_M07_F04,3,1499.6627171177468,1.2636033787036136,409.27739790127134,99.99960937652585,3.108741963925165,1.7631624893710633,3.069900205490742,1.7411328927408183,-1.5016261326757327,1.2232218752296562,0.011351780511572892,0.0055770827595175735,0.0018142188486547004,0.0124174397911129,3.1337106256850693,1.7702289754958451,2.9562512187494416,1.669982391922711,-1.4949331989541497,1.2283572179520241,0.003593491315145796,0.002207395099224371,0.0014884967945709721,0.011941382119368108
K003,N15_M07_F04,4,1499.5661562094963,1.2611319684055118,409.7340267713331,99.95733528372035,3.0997334710604774,1.7606059954062627,3.05268066204509,1.7338806467830292,-1.4951992860377905,1.2335959002184556,0.00796211710872745,0.002325811513960153,0.0014347349528690497,0.0157322627804899,3.1199307363060784,1.766332566734271,2.9107916240529224,1.6479295455864313,-1.4973900888333542,1.2378915984606869,0.0027298414911787507,0.0026659686120232293,0.001254612574010153,0.014938403786874338
K003,N15_M07_F04,5,1499.5900111109383,1.2589190409222693,411.1374615471872,99.99960937652585,3.0833761018327492,1.755954470318849,3.0030883769216143,1.7102313457912772,-1.50198976505959,1.2212842521525422,0.0037362717714597158,0.00550114976071286,0.001188612017421993,0.012899729496624684,3.1102387504017055,1.7635868990219068,2.9369653300903122,1.6653363277529258,-1.4942838008399668,1.226736696978889,0.008092095047311931,0.001889302188867666,0.0008021800337433347,0.012017662398959114
K003,N15_M07_F04,6,1499.5522769992,1.2567954942545068,411.08394468938945,100.01847631951715,3.0756879345683834,1.7537639335350648,3.0664562968016114,1.748500033650795,-1.4976864097896396,1.172283928593511,0.009388369971800724,0.0033996326944524965,0.001331174865200714,0.018085017084327103,3.0982062631647485,1.7601722254270316,2.9769146708842236,1.6912632911032333,-1.4957323671121885,1.1764914055389502,0.0029237569342896357,0.002118431568513666,0.0010704891212207385,0.01718484128932824
K003,N15_M07_F04,7,1499.5866885579424,1.2552014426051765,411.41875881577545,99.99960937652585,3.065947748068199,1.7509847937855425,3.00377715865944,1.7154787233562563,-1.4995535013886114,1.205628702886324,0.009815535170557577,0.004594418020325798,0.0014786688527283138,0.014852562326174113,3.0909361460313414,1.7581058403950944,2.95831756396292,1.682673190652791,-1.4944161402597111,1.2107805458839096,0.004354928243811836,0.002413708338460381,0.0015495228629704928,0.014569142699848547
K003,N15_M07_F04,8,1499.6946370083954,1.254484327481852,411.8750634568342,99.99960937652585,3.0653467872145477,1.7508131788442043,3.07541045939335,1.7565611777171883,-1.497897285689378,1.2182091366489527,0.004180848708010615,0.001295059267733297,0.0011512689900970373,0.012204787030797392,3.0873763110884442,1.7570931424055027,2.897704771034227,1.649146935413566,-1.491019822666875,1.2226985371391526,0.006812321684855717,0.0043660668392133326,0.0017208645222683765,0.012297420908947853
K003,N15_M07_F04,9,1499.6508601444589,1.2546542944209285,411.57025004937753,99.99960937652585,3.066703310275784,1.7512005339982581,3.056813352472046,1.7455530038543756,-1.4957063736848282,1.2160536550198973,0.006889545966382436,0.0012352465522266923,0.0008558853366256529,0.012627366113735165,3.0866039281011806,1.7568733386619482,2.9590063457007463,1.6842456883968393,-1.4948082566704701,1.2201076489245852,0.004943298751659701,0.0038047318215791623,0.0008520412323043667,0.012047375261964581
K003,N15_M07_F10,1,1499.6118146062624,1.258837389137005,1053.541787933518,100.0,3.0689915480541456,1.7518537461940553,2.9397204570416164,1.6780627169523885,-1.5036349890202771,1.208022612201569,0.003601470689033529,0.004537990011730539,0.0014462973171364306,0.014377543249013658,3.0951301674349816,1.7592982031011632,3.0602572611611767,1.739476147799604,-1.4929925982994143,1.213413635242851,0.007300965883516371,0.0014847142040135906,0.0010804119496101196,0.013650683280190323
K003,N15_M07_F10,10,1499.5620848697502,1.255929519783721,1051.326254866492,99.99960937652585,3.0668063800386394,1.7512299620662728,3.0113537577755265,1.719565004599645,-1.4974356878324062,1.2069049841124648,0.0053146579809517985,0.0012440380515126373,0.0012978558012793895,0.014254265431351347,3.0836367732921426,1.7560286937553562,2.9169906596933566,1.6611292685971004,-1.49212921094269,1.2103578640200652,0.004944623909070834,0.0047106987394348,0.0014356003690973917,0.013629208277092417
K003,N15_M07_F10,11,1499.5849231916566,1.2561261486041282,1050.864588808935,99.87663305533611,3.063239483640087,1.7502112682873707,2.9769146708842236,1.700888758302428,-1.4974178374216058,0.958226761721633,0.006234414740058124,0.006041344934022361,0.0015556186973989426,0.01806412822579072,3.085137570208307,1.7564559687644625,2.921123350120313,1.6630780401373273,-1.49587601703134,0.9622027441763042,0.008961108591997918,0.001989884669993689,0.0004797118189434148,0.018005206601487432
K003,N15_M07_F10,12,1499.5527356616017,1.2545677508392101,1050.7874276955558,99.93324771344142,3.060747413330159,1.7494991892910836,2.9769146708842236,1.7015810519412142,-1.494073093753549,1.1920308684703949,0.006136938989553095,0.0023613422576729834,0.0016309994263114008,0.017525331734730174,3.076357641837607,1.7539548574115602,3.0189303568916133,1.7212132593576952,-1.4977132131742865,1.1950699365578237,0.00921378681635362,0.0016152660217714626,0.0008482786773410518,0.01644348597075673
K003,N15_M07_F10,13,1499.599578187251,1.2545310088810102,1050.6631601465988,99.97695843536059,3.055944969647584,1.748126130932086,2.990690305640745,1.710797780962255,-1.5040933629623834,1.23249519730711,0.01150225882781321,0.00632531440466729,0.0013003476768798118,0.0184032264676882,3.0821535717053825,1.7556063259470736,3.2000799539398668,1.8227776390664132,-1.4932481224799679,1.2378198022738933,0.004379961971894468,0.001914180457921615,0.0019352002623058743,0.01727885641200181
K003,N15_M07_F10,14,1499.5802131151793,1.254759318227055,1050.5724415066925,100.05070136893696,3.0560907147147867,1.748167816519566,2.946608274419877,1.6855408540161154,-1.5038086213776114,1.0361864305555428,0.002154493701757715,0.005796076119926288,0.001223271886429058,0.014867138966728583,3.0830789866634354,1.7558698660958434,3.1787277200672586,1.8103435689884715,-1.4931603736295653,1.0410666016814014,0.006945171413445038,0.001998575725855507,0.001147717600165277,0.013511878742306421
K003,N15_M07_F10,15,1499.59999568516,1.254080476337742,1050.5383211721946,99.9323632287862,3.059280098543599,1.7490797862143392,3.006532285610744,1.718922320929682,-1.498601216921295,1.1769461277149114,0.003104269369710524,0.0018814061657246983,0.0013610142918067667,0.017700505410941775,3.081044755416588,1.7552905045651526,2.90941406057727,1.6575114221893625,-1.488626148384859,1.181340183294381,0.007290591455085455,0.004172922339086897,0.0018697638239822934,0.017716350803405355
K003,N15_M07_F10,16,1499.5828750979979,1.253867425705226,1050.4997357450222,99.95626913225463,3.057246374035407,1.74849831971192,2.9734707621950935,1.7005854273197119,-1.4950848766217175,1.228537715145036,0.007214591177933529,0.004735302949207114,0.0018332973735327087,0.017018378435119243,3.0768091307577947,1.7540835586589925,2.9810473613111803,1.699489939686915,-1.4970680283959072,1.2324453176787162,0.010662816432187782,0.0016425342712824045,0.0008056423935564759,0.016367077524883606
K003,N15_M07_F10,17,1499.5797465991523,1.2539222888227983,1050.3761113091978,100.08526518236427,3.055557926030301,1.7480154249978177,3.036838682075091,1.7373065698655847,-1.4986874275879174,0.8465147868983195,0.012422312370885341,0.005566459366768189,0.0029041667144564507,0.015337561183773805,3.0783412207528604,1.754520225233343,2.95487365527379,1.6841490982988274,-1.4950681122493061,0.8496259755532076,0.005027878793368985,0.0017884510648446797,0.0014115557287442781,0.015155831031186465
K003,N15_M07_F10,18,1499.5271531664737,1.2534431373271435,1050.3534522630548,99.95822058748881,3.0605780815883996,1.749450794274706,3.0085986308242223,1.7197389264506515,-1.4968011668699248,1.2301523893199147,0.006128622716201137,0.000947390845203197,0.0013315451843517946,0.01688508404695341,3.0767997496585644,1.7540808845827391,2.9280111674985734,1.6692566421730826,-1.493726097953288,1.2335386206339591,0.004780805931257966,0.004200096803790761,0.001433395210838799,0.015460975828017962
K003,N15_M07_F10,19,1499.5810318684232,1.253421120155978,1049.9953901704387,99.99960937652585,3.0607957526385094,1.7495130044210903,2.9769146708842236,1.7015676153086257,-1.496639248544337,1.207671813910509,0.008615844951487624,0.0008843826470314274,0.0015283077905002872,0.014053003643697631,3.0776050281230063,1.7543104138444274,3.0464816264046557,1.7365693108601807,-1.493997715640382,1.2109188564905764,0.012394922302787704,0.003766083507980573,0.002464214220674839,0.012885450996439516
K003,N15_M07_F10,2,1499.5635000645102,1.2580204401138464,1053.1576719263737,99.99960937652585,3.065202902085248,1.750772087418933,2.937654111828138,1.6779192065821429,-1.5039122919196182,1.2128029433487453,0.0031840799719237292,0.004980521066793811,0.0013885519339590937,0.01290184219682025,3.0896792014284387,1.7577483327906867,2.9300775127120517,1.6669493909063298,-1.492891844572767,1.2178931361965462,0.007683963293586858,0.0014779595760484223,0.0011006432843380812,0.012317873215217814
K003,N15_M07_F10,20,1499.5352196257058,1.253343992966539,1049.9571078099582,99.8708030446897,3.0583659913046555,1.7488184557879802,2.969338071768137,1.6979109878104623,-1.4940625462377697,0.9280911196384952,0.008067355878100826,0.003106918764614978,0.0021237701573519896,0.019315945771399955,3.0770163226640874,1.754142617538291,3.0106649760377007,1.716317103259696,-1.4976509585421827,0.9315448643801992,0.01100117032698968,0.0019221000072953912,0.0013725694456867173,0.017943017550256093
K003,N15_M07_F10,3,1499.5856304290946,1.256162843546618,1052.6288353501027,99.99960937652585,3.0579447469451924,1.7486980147942046,2.9493634013711816,1.686605335180344,-1.501383030316203,1.2051459676735754,0.003585453290760235,0.002968613719873989,0.0011605913993305505,0.014948779695629428,3.0850861234075233,1.7564413236449214,2.914235532742053,1.6591704450989042,-1.491377961287267,1.2105612627893363,0.007123710206135294,0.0019019985808753103,0.0013650144039540105,0.013707227895577951
K003,N15_M07_F10,4,1499.5759124689187,1.2571385941810485,1052.349151313303,99.96290439094867,3.06339420193422,1.7502554676201472,2.992756650854223,1.7098970443003536,-1.5043084290838569,1.2334763541749174,0.011151895206208236,0.0059566269848944815,0.0009147073790508312,0.018536156168751802,3.087708863232202,1.757187771193563,2.9631390361277026,1.6862961857030234,-1.4932027092907674,1.2384327699656565,0.004510158761178162,0.0017727318195787497,0.0019393022253615443,0.017210549304512397
K003,N15_M07_F10,5,1499.5705758106842,1.257089526223263,1052.1088791653347,99.95626913225463,3.0664289958474304,1.7511222104260544,2.955562437011616,1.687810490561088,-1.4993666969765211,1.228387955812894,0.007844787079958126,0.0023493112189987243,0.0007590696017572256,0.01593151908317536,3.089552625503936,1.7577123272890636,2.989312742165093,1.7006837215368105,-1.4877904797473935,1.2329372435376103,0.009325499683174657,0.004082408943422444,0.0009961076461980304,0.01577213456966322
K003,N15_M07_F10,6,1499.5564354818175,1.2566779276160633,1051.8738013634684,100.0,3.0677528437946684,1.7515001695103167,3.047859189880308,1.7401421038585605,-1.4946820889143722,1.211279910572369,0.008828222752605842,0.0019054303799542244,0.0010783722546759695,0.013908158916174687,3.0840480360179043,1.7561457900806254,3.004465940397266,1.7108294524108558,-1.4967048357361876,1.2145512174275108,0.0038835317985399117,0.0029402561137995245,0.0012600029306224748,0.012977581466000462
K003,N15_M07_F10,7,1499.6293506233974,1.256819287690492,1051.5762545001387,99.99960937652585,3.0703157246833164,1.7522316412744396,2.9486746196333553,1.6828109652720997,-1.4967745592600241,1.2148128397735078,0.00798030925088909,0.0011077472981031887,0.001340386547880376,0.012606971350939399,3.087528797651808,1.7571365335829223,3.0395938090263948,1.7298563605802753,-1.4931768929026044,1.2181528642686539,0.012212367978986482,0.003576398217232197,0.0023713832487347276,0.011528948590288711
K003,N15_M07_F10,8,1499.6237138824379,1.2557176331185365,1051.1276932105648,100.0,3.0653536291562324,1.7508151327756545,3.0333947733859605,1.732561431872575,-1.4957797230969894,1.2155611896573548,0.009936804437409628,0.002676645343339477,0.0013194009483980342,0.012480838275854975,3.0816838238391866,1.755472535768984,2.930766294449878,1.6695027889832847,-1.496428337632679,1.218825120376364,0.003766932634937966,0.0020577501814537514,0.0010613651888056427,0.011307745202704113
K003,N15_M07_F10,9,1499.6212573426078,1.2556183998064432,1051.604958303056,99.99921875610347,3.0650470624277397,1.7507275808725182,2.95831756396292,1.6897646420173318,-1.4962732528666016,1.205051038029664,0.007717705935761793,0.0006832149456759581,0.001244425295779711,0.01520408542969896,3.0812728812781143,1.755355485728778,3.014797666464657,1.7174855412338266,-1.4944604287241634,1.2081726397936234,0.012097149740907703,0.0035919392980545547,0.0020800190601054642,0.013675991511044249
K004,N09_M07_F10,1,899.6827481014828,1.1731698512846598,978.4497405134541,59.999531253662084,2.6292522842979116,1.62149692700847,2.859132993715968,1.7632675992737377,-1.4946062038458032,0.8908539841893732,0.0031339453823835107,0.001249605942853385,0.0018307228681279939,0.006283177442427631,2.6829567149767946,1.6379733560033247,2.7606372052068417,1.6853981141322292,-1.4943269825465744,0.8971865788027334,0.005446385435474531,0.0006669832503887381,0.0023045799580999962,0.005881922317712741
K004,N09_M07_F10,10,899.763708021765,1.2165786213658167,974.9722318773762,59.999765625915515,2.835192740760212,1.6838030587809882,2.937654111828138,1.7446542198081598,-1.4955256193732134,1.1768504441810383,0.005922260072235985,0.002793518518055787,0.003779978002846246,0.011091049559849955,2.8807293942493084,1.6972711610845534,2.8563778667646633,1.6829237026212374,-1.4939733299353906,1.1823563091259108,0.012578019250735244,0.0007106101498696146,0.005432521299798585,0.010413202410047992
K004,N09_M07_F10,11,899.7166278453959,1.2174785262805843,975.1426046823324,59.999765625915515,2.8364024280689666,1.6841622332984927,2.955562437011616,1.7549155173863742,-1.4951337340751256,1.1737951501182096,0.005651921318619584,0.002978097722403424,0.0036755724069434666,0.010197442200532385,2.8888109415329417,1.6996502409416303,2.845357358959446,1.6740840500120058,-1.4937402994594,1.1806265431638767,0.012404806184369021,0.0007464845108335384,0.005001725794410184,0.009733069454682218
K004,N09_M07_F10,12,899.7911418247587,1.219085633436585,975.4212509020134,60.0,2.8437226009095036,1.6863340715615942,2.9479858378955295,1.7481624119505628,-1.495663793011145,1.1851596445055703,0.006299817667315022,0.003166185395984883,0.004413752790277608,0.012996663550247357,2.898541932671418,1.7025104794600878,2.8494900493864033,1.6736989779293774,-1.4934511077990338,1.1923361372348205,0.01283961820701623,0.001113151061057099,0.006017375774779473,0.012301648095472965
K004,N09_M07_F10,13,899.7465593650828,1.2200716618310639,975.5694998455849,59.999765625915515,2.84724019645794,1.6873767203733552,2.9486746196333553,1.7474903997614242,-1.4951647317720476,1.1788520047397906,0.006544931424333103,0.003210734523795899,0.003736052696830116,0.011038811790701675,2.9039294598275083,1.7040919751666892,2.8191836529220566,1.6543612046798661,-1.494219727424301,1.1864259684314895,0.013150286490514059,0.000596262417930751,0.005180533167257763,0.010161750290129294
K004,N09_M07_F10,14,899.8039407005742,1.221456279922394,976.1504991467583,60.10439102004385,2.855335197133359,1.6897737118127265,2.95831756396292,1.750718183909576,-1.495567695145958,0.7830987179259687,0.00753140205522587,0.002205616096192537,0.005122868986106702,0.010444150145518152,2.9084258829198513,1.7054107666248186,2.8246939068246646,1.6563129318193652,-1.4937061069749122,0.7889312883379225,0.014698360125748607,0.0017717105577919653,0.0069731011556541265,0.010327587528015958
K004,N09_M07_F10,15,899.6538588947249,1.2240352045898377,976.4490759139799,59.999765625915515,2.8673251955714574,1.6933178070201285,2.9645165996033547,1.7507148317422232,-1.4951692522772546,1.1834487145316295,0.0065655000096422785,0.003325556318272446,0.004433251671304906,0.01133089220067609,2.921781047367156,1.709321809188415,2.850867612862055,1.667835510865941,-1.4941972722165313,1.190622617574283,0.012828188110650923,0.0007313600171764172,0.005701138270277112,0.010557308378590733
K004,N09_M07_F10,16,899.7539085870796,1.2241354979495702,976.7353129067911,59.999765625915515,2.8666910129965184,1.693130536313287,2.9989556864946576,1.771248951084861,-1.4950651054146793,1.1864474887393772,0.00587705076596178,0.003010740121430992,0.0039868685531772325,0.012191698541753624,2.9227842826233528,1.7096152440310517,2.8887506084424883,1.6897080313996193,-1.494060447341127,1.1939959234398607,0.012444610908200511,0.0006415419456176604,0.005777279012477613,0.011643184960172588
K004,N09_M07_F10,17,899.7712735009973,1.2251874279221602,977.0570434392893,59.999765625915515,2.8735507798084274,1.6951550901933508,2.9493634013711816,1.739878208450399,-1.495682490350945,1.185076930563797,0.0061723691671716294,0.0026884680005217062,0.003520417505673339,0.011080214004072948,2.9254040114061786,1.7103812473849738,2.837091978105534,1.6587482951202863,-1.4937447440330485,1.1915402113401383,0.012546071893878064,0.0009352197411669577,0.005002843144432924,0.010392047138164606
K004,N09_M07_F10,18,899.7142313165398,1.22639314681281,977.3638975822358,59.999765625915515,2.876503761643021,1.6960258729285416,2.931455076187704,1.7284259178935382,-1.4953250704929608,1.1810759988309116,0.0063193742536553615,0.0030971695536232704,0.003783386866373807,0.010041513031709215,2.933916441961716,1.712867899740583,2.8660208110942285,1.673229331653826,-1.4941486791300043,1.188736070660816,0.01249303005233997,0.0005748926007589772,0.005049518307906817,0.009710486913557735
K004,N09_M07_F10,19,899.7569293972002,1.226250432475274,978.0113447567404,60.0,2.8786003555629542,1.6966438505363919,2.97760345262205,1.7549961659193731,-1.4956080451237312,1.1906296818014244,0.006181040169286642,0.003249808241313732,0.004492883748962628,0.012711585558459687,2.9320501496915656,1.7123230272619607,2.8412246685324902,1.659280768463218,-1.4939015170433552,1.197369512518828,0.012619452792109815,0.0009877080055954134,0.006129360544946103,0.011884478633474123
K004,N09_M07_F10,2,899.7045626387209,1.1918712245202703,976.5349203106113,60.06246249942307,2.7166103282198897,1.6482142846789944,2.921812131858139,1.7727137539201647,-1.4944443309797053,0.9571923787884822,0.0060604355598183075,0.0027622891626026564,0.002861520858539341,0.01216214363412474,2.769183211184031,1.6640862991996632,2.8198724346598825,1.6945469931553976,-1.4942554136451542,0.9637071254671694,0.011205420016101753,0.0013253074796732134,0.005209974256204649,0.011567909301484582
K004,N09_M07_F10,20,899.7720520018544,1.2270389599820724,978.0350706908459,60.0973515771722,2.8821485029432368,1.697689165584571,2.9762258891463977,1.7531041308858115,-1.4953815290596049,0.831362393108658,0.007398042582277758,0.0028709711882650584,0.0039038043923926473,0.012604123581682194,2.9348710771514184,1.7131465428127912,2.8570666485024896,1.6677304463467042,-1.493909362654713,0.834967019289466,0.014080464027742611,0.0013075372538510893,0.004813152675259937,0.01220161110458418
K004,N09_M07_F10,3,899.7245641497287,1.1976930153767102,975.5884195615278,59.999765625915515,2.7441534491868054,1.6565486558464877,2.933521421401182,1.7708634219996202,-1.4950075121582513,1.1564134204767378,0.006430017752140491,0.0026698943635996794,0.004444310855327507,0.010675387861182262,2.7986204250253732,1.6729077754094435,2.793698728622492,1.6699657743767349,-1.4938318006245273,1.1635835585287495,0.012237006842202759,0.000881324514606999,0.005906798370853691,0.009935200690424766
K004,N09_M07_F10,4,899.7377411938311,1.200906793642519,975.2843309012543,59.999765625915515,2.7595026203759603,1.6611750721630638,2.953496091798138,1.7779559429291856,-1.495269618289685,1.164348336886251,0.00662972996206865,0.003064693771095592,0.004150267046758992,0.012198251840603518,2.8132224580993217,1.677266364683714,2.8426022320081423,1.6947828274993033,-1.4943428290782959,1.171524669370411,0.013152007562345757,0.0007903228477819111,0.006075415787960626,0.011195301481004212
K004,N09_M07_F10,5,899.7123707773068,1.2047416703611187,974.368784485815,59.999765625915515,2.7774430756959263,1.666566253017241,2.9472970561577028,1.7684847817011524,-1.4954575214063874,1.166140589661302,0.005983540116272938,0.002702987897647995,0.004119836223555086,0.011336015842313049,2.8302888015535554,1.6823462192882759,2.8467349224350986,1.6921219246056396,-1.493736441593785,1.1731136969190474,0.012644507163619936,0.0007851981035103882,0.006217137269998305,0.010842164166917483
K004,N09_M07_F10,6,899.7293082042461,1.2078234177247582,974.7854950439129,59.999765625915515,2.7909832373027728,1.6706236073103877,2.913546751004226,1.7439875375009672,-1.494861808523725,1.169295571630545,0.006448436480430009,0.003046864795915586,0.003123003427909881,0.011562689603104902,2.845969987139849,1.687000292572544,2.859132993715968,1.694802903297671,-1.494291538546449,1.1767154602803374,0.01295875326683315,0.0005064262956905975,0.004988609717044424,0.01092490741014862
K004,N09_M07_F10,7,899.7769620382406,1.210768228145913,974.5412436062561,59.96697131657954,2.8051827821092292,1.6748679894574465,2.914235532742053,1.739979240803381,-1.4958065406275916,1.1742022612896277,0.006565283771797496,0.0028105326171428287,0.0048916891824309265,0.01222720393535334,2.8593865182507607,1.6909720631195422,2.8198724346598825,1.6676043893106787,-1.4934999577661185,1.1812949134514508,0.01319369869048547,0.0010287255190622208,0.006579388607150782,0.011468769338713549
K004,N09_M07_F10,8,899.6984739563123,1.2130132891884589,974.7638289175915,59.90662990105265,2.814938975019461,1.6777779874046093,2.9590063457007463,1.7636459459562326,-1.4948981909232206,0.9966958327751995,0.004293889513322983,0.003982962274400856,0.0033726889834252097,0.010127055687356739,2.8691932219864738,1.6938693048716815,2.863265684142924,1.6903698980245878,-1.4937414009902727,1.0029028733954457,0.009335153600937564,0.0014570465519912709,0.004728520532947246,0.009680945408052902
K004,N09_M07_F10,9,899.7205837715753,1.2149806376765013,974.4153018116058,59.999765625915515,2.8246030843940346,1.6806555519778688,2.9176794414311824,1.7360365352659741,-1.4952713296909774,1.1746254558933777,0.006610044927825492,0.002681775322157867,0.0037702619115839516,0.01134008386757962,2.879214680308323,1.6968248820394882,2.851556394599881,1.680524858388728,-1.4935098995524276,1.18186831851384,0.012749059058944164,0.0010614913085886077,0.0052105801218888335,0.010443479426893068
K004,N15_M01_F10,1,1499.692556794741,0.6748972749642572,992.2955586428675,99.99960937652585,0.9547500286796717,0.9771131094605535,1.9602728258529618,2.006188236421465,-1.4932558123230861,0.6856669366197511,0.006648077581294355,0.0019707497707925053,0.003200455600064336,0.009649420152408947,0.9933056636837589,0.9966472112456639,1.8424911486847058,1.8486894137614251,-1.491352891023462,0.6930948418542262,0.013231027583603885,0.0013646413335309361,0.004128309016990219,0.009950313020980593
K004,N15_M01_F10,10,1499.6196118815863,0.6250663974177318,998.4027552166333,99.99960937652585,0.8257810806203768,0.90872497523749,1.9065478503025293,2.098047156461463,-1.489583109682545,0.6291132054739369,0.0013636762526470921,0.0005189807753920931,0.0029349134818653154,0.007551623293345588,0.8614217233237107,0.9281280748494308,1.8176950061229675,1.958452777562892,-1.4839314602662677,0.6360433068053554,0.008338657913266065,0.0016152729350636542,0.0035241511515207253,0.007831048354601909
K004,N15_M01_F10,11,1499.5931294017769,0.6235483570084761,998.020622728096,99.99960937652585,0.820788258379738,0.9059736521443315,1.9086141955160074,2.1066994509150963,-1.4912572519966225,0.625988093727743,0.0014880268228906852,0.0007758623389215026,0.002934282418694867,0.007802654572330888,0.8573267329881405,0.9259193987535527,1.808740843531229,1.9534538815863525,-1.4860594403706413,0.6331055165957754,0.007433572278608731,0.0011740468501486147,0.0033614242473616676,0.0076062872856400825
K004,N15_M01_F10,12,1499.5899078071957,0.6227822424722032,997.5795949947693,99.99960937652585,0.8171722686641166,0.9039758119906288,1.8603994738681833,2.058019085456978,-1.4924695704017068,0.6254234314128314,0.00673823295811696,0.0012948562190217851,0.0024968112134502274,0.007415274764579137,0.8561372242722484,0.9252768365587936,1.8459350573738362,1.9950083957997609,-1.4881514900330286,0.6328458742051187,0.012359595461869667,0.001222106212206602,0.00303774779510317,0.0075848664247350995
K004,N15_M01_F10,13,1499.5971760507227,0.6214875047649182,996.8048402558313,99.99960937652585,0.8212432828355543,0.9062247419021147,1.8776190173138347,2.071913213683416,-1.4863366069315218,0.6245625504526576,0.0019005818372793575,0.0009011706646371715,0.0024710074406272715,0.0068915418404820175,0.8497930059880989,0.9218421806296884,1.7619036853590568,1.9112856000530833,-1.4879951619674823,0.6287630245090428,0.01093798942159685,0.0018836404960056764,0.0033296562225471134,0.007018258368516276
K004,N15_M01_F10,14,1499.6233968539366,0.6193547584182718,996.0174024411858,99.95932245016999,0.8152486440822305,0.9029112049821015,1.844557493898184,2.042900214019106,-1.4850529559538217,0.6343410568038106,0.00693076214861329,0.0019529565029347783,0.003783141456174252,0.00983644771418542,0.8439686835261414,0.9186776820659907,1.7570822131942747,1.9126209850258011,-1.492887225856945,0.6379766885412982,0.009156510636441986,0.002753359763057172,0.0041655308582114175,0.009760229921804423
K004,N15_M01_F10,15,1499.6532670993388,0.6189478977214564,996.0759270273868,99.88139084836754,0.8094400308295866,0.8996888522314738,1.8831292712164434,2.093089479263602,-1.4922762541037649,0.5052688641548795,0.0029987688008420157,0.0014396853538985819,0.002653492762649007,0.010125341656000836,0.8451387777353546,0.9193142975801881,1.7805007922803604,1.9367704787872664,-1.4883889961787131,0.5115037968681551,0.007707349700721823,0.0005952876248580321,0.0034817750705125865,0.010302047564059285
K004,N15_M01_F10,16,1499.585597642494,0.6189064816437813,995.2359914715382,99.99960937652585,0.8086579472620401,0.8992541060579262,1.8838180529542694,2.0948673353435003,-1.4905029476255907,0.6209899470095291,0.0016235677636717027,0.0006471703298982482,0.002798001627682888,0.007824137686512942,0.8468344646070154,0.9202360917759178,1.7315972888947102,1.8816880845794548,-1.4848692190497674,0.6287756744428789,0.0071089832068725696,0.0012373058841959952,0.0031398124672489657,0.00770005444200751
K004,N15_M01_F10,17,1499.527877101246,0.6189690848790984,994.933009004334,99.95620715179841,0.8098838768452931,0.8999354848239361,1.808740843531229,2.0098561219475553,-1.4938136536683966,0.630424048530379,0.003182347269077433,0.002144745790130064,0.0030635776976692466,0.00886090572941534,0.8434016342668883,0.9183690076798586,1.7853222644451427,1.9440140613581138,-1.4885353991535428,0.6363837726805519,0.008120837012056849,0.0007209369420746754,0.004703159625452209,0.009252954396999549
K004,N15_M01_F10,18,1499.6047972967237,0.6178243920238309,994.3370570244318,99.99960937652585,0.8116276555504391,0.9009037992762818,1.8838180529542694,2.091031311520261,-1.4872761018018386,0.6229705480229174,0.006557412375581141,0.0005311093841235088,0.0023713298410983352,0.007447790199383381,0.8437700458418397,0.9185695650530991,1.7481280506025358,1.9030981616525506,-1.4886782394513545,0.6277333934137571,0.010733184872312245,0.003030054792555393,0.0029679441220837443,0.007596930638090251
K004,N15_M01_F10,19,1499.5467262786015,0.6175870088079648,994.1339943070503,99.99960937652585,0.8107938375411325,0.9004409128538822,1.8652209460329658,2.071452906466992,-1.4857337776777182,0.6231456975648582,0.001714539288815043,0.0011629613057954318,0.0026041726076927404,0.006949577129708042,0.840402335135035,0.9167346045257783,1.809429625269055,1.9737769430063816,-1.488095093628297,0.6278945951647805,0.011367269985830349,0.0020750163166060255,0.0034288120849183573,0.006978357211029372
K004,N15_M01_F10,2,1499.6909170821039,0.6596212858212401,994.0773305206936,99.99960937652585,0.9198711153344027,0.9590991165330113,1.9299664293886152,2.0122700523019277,-1.484676350127314,0.6619304732691761,0.0036382262470814777,0.001587295836987118,0.002259482261719945,0.007320295627920795,0.9455361740310444,0.9723868438183666,1.8128735339581852,1.8643542387301306,-1.4941908823057262,0.6652784948365785,0.012073111089780967,0.0017347327862277484,0.0032324368330704486,0.00686942887728816
K004,N15_M01_F10,20,1499.6839583013768,0.6174161092352953,992.9583208696927,100.09391566218304,0.808709409302993,0.899282719339693,1.9230786120103547,2.138458318672457,-1.4877154188389858,0.40596889393540314,0.001688136072768589,0.0008741984003742278,0.004086491242974038,0.007241476373305776,0.8416126861340807,0.9173945095399693,1.8149398791716633,1.978363572376045,-1.4841468253242598,0.40960211683601044,0.010626583072713459,0.0025848822848528194,0.004816737878889657,0.00699405258398608
K004,N15_M01_F10,3,1499.6397791153731,0.6506801963352776,996.7217041249902,99.99960937652585,0.894722221996579,0.9458975747915728,1.938920591980354,2.049820872421195,-1.4851226444259045,0.6567107131495165,0.0027965812245566565,0.0014630596866921349,0.002776172358758411,0.007201992822695443,0.9221724428566973,0.960298101037744,1.8273379504525327,1.9028861438732658,-1.4918511469316018,0.6608629566671916,0.011595990894503763,0.001939241573991034,0.003644425552678609,0.007285269105045297
K004,N15_M01_F10,4,1499.6480613587219,0.6437606543634347,998.1442111951413,99.99921875610347,0.8733396262184947,0.9345264181490509,1.9533850084747013,2.090240543807879,-1.4887786297650287,0.6520906426184475,0.0061194103938041495,0.0005856009445902905,0.0028407416436804184,0.008346424450296052,0.909880980379659,0.9538768161453862,1.881751707740791,1.9727407940838158,-1.4881374533437157,0.6586271259637153,0.011466253445660494,0.0021349300117577508,0.0038783407308259302,0.008231309929902106
K004,N15_M01_F10,5,1499.6571740037407,0.639620763812756,998.4376384429028,99.99960937652585,0.8604571321486779,0.9276082859422279,1.8941497790216604,2.041971603452914,-1.492487197563328,0.6445890940010921,0.006134681490340877,0.00157626383390682,0.002828924711246967,0.007147188884161751,0.8955641712431033,0.9463425232140333,1.7798120105425344,1.880727080188487,-1.4898394856264046,0.6505987536246256,0.012148211682252937,0.0013142834565805241,0.00344112714334264,0.007629511912216644
K004,N15_M01_F10,6,1499.5827099950498,0.6337052353913375,998.969984321324,99.99960937652585,0.8486755334872396,0.9212358728833998,1.8245828235012285,1.980581604785341,-1.487945013956039,0.6375097565591574,0.005186376192135598,0.0015852082883845852,0.002391508429991956,0.007085180509936539,0.8768168387372591,0.936384984254478,1.8018530261529684,1.9242651862765083,-1.4912229424855632,0.6415164224495142,0.011706156705388819,0.0014067733591633146,0.0030552724835659567,0.007820744698475834
K004,N15_M01_F10,7,1499.5896348398212,0.6307177238337083,999.1661237958757,99.99960937652585,0.8437692260412345,0.9185691188153641,1.9471859728342666,2.119803434438839,-1.4864377776922968,0.6352569052259991,0.0012092978738045218,0.0010610343899903087,0.00263689188352619,0.006811141270306744,0.8723559370023724,0.9339999662753593,1.8046081531042726,1.9321287133454168,-1.4892045712149007,0.6396401184532988,0.010786130966054793,0.0018314741944017662,0.003478794883584808,0.006924684273321593
K004,N15_M01_F10,8,1499.5533839590569,0.6289677901316719,999.2182102316012,99.99960937652585,0.8392000015269029,0.9160786000812937,1.8721087634112263,2.043611501507724,-1.4858533393064115,0.631298926838862,0.0011737326451112138,0.0011903872161813675,0.002560382627402766,0.007624122929760499,0.868442031084122,0.9319023720777418,1.7873886096586213,1.9179998497841708,-1.4892197912591498,0.6357629355934908,0.010641177002268668,0.0019954737366110076,0.0033939537792290627,0.007706428871418878
K004,N15_M01_F10,9,1499.6549592487577,0.6277139693073176,999.0283646141676,99.99960937652585,0.8362381820534635,0.9144605962278874,1.8858843981677476,2.062291591291023,-1.4830812979724413,0.6351562310892213,0.006444683361991685,0.0019798958077731194,0.0032249665436341174,0.00721103482191493,0.8645094527959253,0.9297900046762846,1.7791232288047085,1.9134677936488762,-1.4951088404291764,0.6388308546442465,0.00848692438821444,0.002364539965196389,0.003591681338624118,0.007244091117490441
K004,N15_M07_F04,1,1499.5769907925715,1.294621617365535,348.69328237944006,99.99960937652585,3.3025159440178813,1.817282571318473,3.1022729471685664,1.7070944255619027,-1.4964805111850337,1.2592804924955272,0.005258730862356776,0.0035851499734487666,0.003981753219768188,0.012433940513650266,3.305160093413367,1.8180099266542433,3.0382162455507427,1.6711769286882245,-1.4966783594340722,1.2569045422612763,0.006680813140741807,0.001814829931206306,0.00455517175501249,0.012230300627142187
K004,N15_M07_F04,10,1499.6054406950723,1.266720340258212,348.5377287471527,99.9519461797213,3.16111279761515,1.7779518546954949,3.0843646219850887,1.7347852327043691,-1.4964298494772859,1.23646291464355,0.00789731590390522,0.002004485566881862,0.0037260840321354355,0.01272472806048708,3.1822907788782704,1.7838976368834256,2.997578123019006,1.6803532114409612,-1.4935230040411338,1.236677925888615,0.01636967797966634,0.002720466119050741,0.006116328615746362,0.011339783958536449
K004,N15_M07_F04,11,1499.6254195596432,1.2659335224701393,348.19854706537257,99.99960937652585,3.15670960104332,1.776713145401733,3.1215588358276958,1.7569289921147508,-1.4962771528867325,1.2200664183062546,0.005281843203612896,0.0023132336873689136,0.004126203596515359,0.01542607703511536,3.1798232455504714,1.7832058898373098,2.9700268535059635,1.6655546453903498,-1.4949200000135479,1.2206729753953725,0.00915957708374058,0.0033311052333227127,0.0038646297923614187,0.014020975609800382
K004,N15_M07_F04,12,1499.5278734354968,1.2652599610374435,347.97425809269197,99.88645719123964,3.1504784418803653,1.7749587155425237,3.073344114179872,1.7315017455155237,-1.4962442447504887,1.0548710854020065,0.005727944848977841,0.0015223194820376841,0.004477165150887486,0.012741925107889015,3.1821443838549412,1.7838566040618122,2.9858688334759624,1.6738278327289247,-1.493631009749409,1.0580230479278316,0.01060671069591071,0.0028692252792640576,0.006821969822616113,0.011984650374622917
K004,N15_M07_F04,13,1499.5322103212106,1.2651978245898645,347.7857653998999,100.0,3.146907161022274,1.773952412276686,3.006532285610744,1.6948212729969276,-1.499017957404659,1.2289754330538996,0.007555615239018536,0.0036409885050513483,0.003699952053860615,0.012419883558691449,3.16984494310261,1.780405836629,3.0010220317081355,1.685583123783865,-1.4946061002379136,1.2293921137580066,0.015178166312887497,0.0009922485141824824,0.004528381309107884,0.011590116068865787
K004,N15_M07_F04,14,1499.526848713707,1.2639265766097647,347.10822214499444,99.99960937652585,3.1356370023931137,1.7707729957261924,3.0857421854607407,1.742596139035473,-1.4991094406896481,1.2133769520378168,0.0029106673494119534,0.0017850033147539318,0.004125882046624597,0.014222064272370426,3.1733519161105055,1.7813904445995283,2.967271726554659,1.6657054244061171,-1.4908997684482723,1.2165141970964803,0.009997109822693105,0.0031112236977779584,0.004442589342679671,0.014218177734096706
K004,N15_M07_F04,15,1499.606910739798,1.2640947503749722,346.89638130225785,99.99418458138679,3.152393159595069,1.775498003264174,3.0781655863446544,1.7336913816211474,-1.4975077592032766,1.2355149775270546,0.005670018715535757,0.0033974149811472447,0.004099068221986984,0.012738274719566667,3.1624548880010517,1.7783292406078948,2.9590063457007463,1.6639249235362372,-1.4958527448915335,1.2344133818256118,0.007998718956440033,0.0014182787746465165,0.004912369314662178,0.011839252761749073
K004,N15_M07_F04,16,1499.6228075195995,1.2636669635479956,346.3615036786734,99.99960937652585,3.1351542156565055,1.7706366695786309,3.0926300028390017,1.7466203292711506,-1.4999433926903387,1.2263231489987771,0.007468951478600994,0.0020973875565238036,0.002892512900988059,0.012991193727488639,3.172151947431913,1.7810536059961566,2.981736143049006,1.6741417175825535,-1.4916933472724396,1.2284592781132224,0.013376462884069894,0.0024366711346855215,0.004520053065677516,0.012534531507071959
K004,N15_M07_F04,17,1499.5877304690316,1.2625646951963803,346.07305429972365,99.99960937652585,3.1390812337699785,1.7717452508106177,3.097451475003784,1.7482487810178253,-1.4964508325247956,1.2220433604764727,0.00513723094554552,0.0019328824084082882,0.003957280848794852,0.01353797821979877,3.1720774780544807,1.7810326998835482,2.975537107408572,1.670680784021049,-1.4927749687484961,1.2244496643141976,0.01346581079042151,0.0036533062822939645,0.006007686065546976,0.01240180565484498
K004,N15_M07_F04,18,1499.6777626893515,1.261546367996654,345.44240981649483,99.99960937652585,3.1324921753008494,1.7698847915332934,3.059568479423351,1.7286822815019354,-1.500911794682657,1.233162513960636,0.0034316189764065086,0.003287787969929392,0.004809046646437227,0.012689929606104492,3.1467776378894246,1.7739159049654594,2.9562512187494416,1.6665114791938258,-1.4932700618921222,1.2325860388633776,0.007838813435521346,0.0015089847151468479,0.005658642793665414,0.012492721056710595
K004,N15_M07_F04,19,1499.5745083261108,1.2611329123528212,345.4100250607783,99.99960937652585,3.139679179216388,1.7719139875333645,3.017552793415961,1.7029905597261061,-1.4981072278905703,1.2282728032065995,0.008476744874894155,0.003919685699224755,0.003537840006914994,0.011863149926619392,3.1476413584144876,1.774159338507815,2.988623960427267,1.6845296223172925,-1.4955088366398321,1.2263482192783453,0.015298796281736278,0.0004801632031423845,0.004767768348578821,0.011748178605923528
K004,N15_M07_F04,2,1499.6174905168054,1.2878190998569035,349.2195823405692,99.99960937652585,3.2705906093459745,1.8084774284867298,3.0692114237529156,1.6971245399070993,-1.495954220967941,1.257074813216567,0.004390014676090885,0.003334701708758603,0.004035384801205406,0.012746218202341899,3.2704384129784345,1.808435349405235,3.0030883769216143,1.6606003515189423,-1.4970495378977644,1.253943438052272,0.006772582242002223,0.0012325752233600558,0.004757643052400887,0.011703440468676546
K004,N15_M07_F04,20,1499.619260447384,1.2605509142098896,345.0996425433869,99.99960937652585,3.135543393206446,1.7707465637991355,3.0623236063746546,1.7293968933670787,-1.4978767314453076,1.2286621560834143,0.006729178908300391,0.0031147175469462083,0.003935176189372365,0.01202379257316883,3.1514662968874854,1.7752369692205843,2.9810473613111803,1.6792391173669652,-1.49415226817482,1.2283071274810256,0.014088929391780079,0.001711054798347023,0.00511814336731604,0.011327036830138979
K004,N15_M07_F04,3,1499.5816661112294,1.284947587850077,349.5507918033332,99.99960937652585,3.234324438495787,1.7984227641174328,3.144977414913782,1.7487419964110409,-1.4995945889488018,1.2496159096464152,0.003848405016769325,0.002328013920744808,0.004895869469275268,0.012401516670734896,3.269204043317036,1.8080940360824809,2.9810473613111803,1.6487236293141516,-1.491486180270931,1.252506345866822,0.010636789878290642,0.0028505967179522835,0.005759717216891714,0.011863490788472035
K004,N15_M07_F04,4,1499.5966563440343,1.2821856498415105,349.8914039071855,99.99960937652585,3.239052009465755,1.7997366500312635,3.0650787333259593,1.7030706871878813,-1.4971784104587336,1.2486043902939536,0.007757804661564779,0.003962687282342621,0.0036434458381830446,0.01232498778434239,3.246014599420771,1.8016699474156666,3.013420102989005,1.6725705545077691,-1.4960987835333774,1.2465895133071339,0.01463804132518502,0.0008855458165115791,0.005121787783312248,0.012319049452218558
K004,N15_M07_F04,5,1499.6098025259294,1.2783999513805995,349.54146545142186,100.0,3.2181421488029387,1.7939180998035944,3.076788022869002,1.7151217902343823,-1.498132192342576,1.2414006880001536,0.0046694856563732415,0.00437969898710221,0.0039714319271891745,0.01228458228973042,3.2217523351926785,1.7949240471932728,2.9789810160977024,1.6596696783665819,-1.4956801337868797,1.239408496281468,0.0068714852954698405,0.0009637182456226764,0.004491788886015074,0.012398417682959063
K004,N15_M07_F04,6,1499.5961561925608,1.2760692406573777,349.7670144037796,99.99960937652585,3.1925002043876964,1.7867568957157256,3.0712777689663935,1.7189119439419454,-1.5009256793486838,1.2322316591814972,0.0027833173544806475,0.002869096526818133,0.0037741804480859046,0.014902083910784231,3.216636181809314,1.7934983082816984,2.9934454325920488,1.6690539482359406,-1.493624879590281,1.2336240902550841,0.006986875227939935,0.0013481484667341441,0.004759103510988991,0.013361015043444162
K004,N15_M07_F04,7,1499.5533648844516,1.274275546780117,349.2364613210222,99.99960937652585,3.182940740676138,1.784079802216296,3.113982236711609,1.7454276612757034,-1.4997240943697645,1.2373176014438787,0.0035022505674207408,0.0023578749697707466,0.004522624258041479,0.01198216489515422,3.21782987505698,1.7938310609020516,2.966582944816833,1.6537694153456388,-1.4919237084696393,1.2401020297287557,0.010633874345284016,0.0030702816095221743,0.00548597625995722,0.011684889639355116
K004,N15_M07_F04,8,1499.608926658408,1.2724549518183612,349.3649513677019,99.86453388399597,3.1859733199838067,1.7849295000037975,3.0802319315581324,1.7256882871573243,-1.4970382001967157,0.8812137516219918,0.004982630162698462,0.002837413539489712,0.004833989316685684,0.016474450186273647,3.2074181596466027,1.7909266203969951,3.035461118599439,1.6949109382977219,-1.4940820242521142,0.8814873272925617,0.008844055890270524,0.0026256648740983586,0.006234961001863292,0.015902984462657102
K004,N15_M07_F04,9,1499.6130145839502,1.2699780301831889,348.73863629527864,99.99960937652585,3.1745595036062295,1.781729357564226,2.9941342143298755,1.6804652185913966,-1.499744716386295,1.233960959633313,0.008704694972456656,0.003741394607252427,0.004015779070960534,0.011695308181696165,3.185088350465503,1.7846815823741509,2.971404416981615,1.6649493368048178,-1.4949217307854012,1.2319677557673328,0.015599026158617824,0.0004409510562324444,0.004515003934638038,0.010995715671262675
K004,N15_M07_F10,1,1500.945796776511,1.2608710373422636,992.2262117808032,99.99960937652585,3.11432459940948,1.7647449105775825,3.1146710184494357,1.7649412103588595,-1.4970263842836358,0.7566528278769926,0.005292996465678338,0.002400005673113372,0.0018539162344194625,0.006805066115212459,3.128994462404595,1.768896396741368,2.959695127438572,1.673187379934107,-1.4949644916426612,0.7531665789455632,0.007641731516267605,0.001300306739100486,0.002406244061769936,0.006573894520539787
K004,N15_M07_F10,10,1499.5581113322098,1.2605479172224707,987.6022293899363,99.99960937652585,3.1204273456774985,1.766473137547667,3.035461118599439,1.7183737777147654,-1.4960722835560794,1.2179359933268603,0.004632594940675078,0.003311923780575418,0.004198564083008557,0.013398878710201689,3.1244946273841823,1.7676240062253574,2.9404092387794427,1.6634811636545317,-1.4971254735278356,1.216000194865748,0.006478794209326564,0.001619029144379011,0.004132002855633935,0.01303604327059678
K004,N15_M07_F10,11,1499.5406196648357,1.2612206540521174,987.2140319118125,99.99960937652585,3.1041533505078305,1.7618607636552415,3.107094419333349,1.7635300606202393,-1.4982415198723422,1.2164652329572543,0.003646805080759231,0.0015580698860749615,0.004055162038291293,0.013507106547842412,3.1446375207237423,1.7733125840425714,2.971404416981615,1.6756236005542728,-1.4911502353659476,1.2205549143689196,0.01088576907057629,0.0034658391208140195,0.004820796384358727,0.013585696795034295
K004,N15_M07_F10,12,1499.5494083997626,1.2602041331088387,986.7901501710588,99.99921875610347,3.104851691308874,1.7620589352541174,3.035461118599439,1.7226785426230231,-1.5006584802086191,1.2159835721244039,0.007772328720060891,0.0033080800970558505,0.004038016372451602,0.01456004205612606,3.124888143289151,1.7677353148277462,2.9472970561577028,1.667272827235958,-1.4949361681138156,1.2158756905104637,0.014345014357947366,0.0005423464038301912,0.004086033272267844,0.013249015837292513
K004,N15_M07_F10,13,1499.6266403497107,1.260600442428674,986.2425464571999,100.0,3.1238902808960503,1.767453049134842,3.0203079203672654,1.7088476108860085,-1.4952978490585824,1.219179326465336,0.004841786117843308,0.0034976270969599445,0.004415852317297689,0.012595915758290343,3.1228808698707606,1.767167470804836,2.952118528322486,1.6705369338753036,-1.497252909618929,1.2160076267269966,0.006156956406023542,0.001229537654251889,0.004294888806190551,0.012621159196032409
K004,N15_M07_F10,14,1499.6143448073935,1.2598641666314816,985.99697159583,99.99960937652585,3.112048203570805,1.764099828119374,3.0802319315581324,1.7460644133965062,-1.4963914652212844,1.2195362946395172,0.00498135152176213,0.002472636950566066,0.0039243545275860475,0.013914811837363332,3.1332720260993403,1.770105088998769,2.944541929206399,1.6634842459392798,-1.4935517683212127,1.2199024264034033,0.012256482345565943,0.0034124346498078913,0.005249259935050418,0.012970898396957307
K004,N15_M07_F10,15,1499.6333600187752,1.2596850671471693,985.0665869354276,99.99960937652585,3.1147846450395287,1.764875249143556,3.00377715865944,1.701977043486268,-1.4983669462195432,1.2265884146034878,0.004758859884119905,0.0037345054248054273,0.004262931395430387,0.012654246935739034,3.117897537531796,1.7657569304782004,2.9348989848768343,1.6621194764797034,-1.4961112747802883,1.2243663154350601,0.006979193153351643,0.0007891589470088327,0.0052881071537417,0.01179676265645556
K004,N15_M07_F10,16,1499.5645443593758,1.259479773971154,984.3306443153845,99.99960937652585,3.091551220281008,1.758280756955785,3.04579284466683,1.7322562580621028,-1.4994281929892306,1.211172953168536,0.00674828691064887,0.001979185916313053,0.002784036210398481,0.014913667210245922,3.139583935287592,1.7718871113272403,2.9962005595433534,1.690965829814652,-1.4915244690930667,1.2157260960424945,0.014714265278717711,0.0022391436985086653,0.00559599099122933,0.014744840709291693
K004,N15_M07_F10,17,1499.5941832634098,1.258211998055035,984.1121521119165,100.0,3.0871231686928384,1.7570211065018082,3.080920713295958,1.7534910092400688,-1.499679891911436,1.2145609118799565,0.007427644846536521,0.0020116661647160477,0.002671837717466342,0.013653135972895171,3.132207779686772,1.7698044467360716,2.989312742165093,1.6890638667328903,-1.4912458772863988,1.2186209790291926,0.014779282629168021,0.0019160327162273754,0.005104986771695614,0.013283938544492124
K004,N15_M07_F10,18,1499.6291419474014,1.2581684348356053,983.8048211616127,99.99960937652585,3.113339828898452,1.764465876376886,2.971404416981615,1.6840248693746513,-1.49623833992541,1.217899465927386,0.010509954113476175,0.004510009842833718,0.0036535693749152843,0.013215635851830426,3.113048882323223,1.7643834283746895,2.959695127438572,1.6774670855784317,-1.495835664742568,1.2137819229313243,0.014995566131061691,0.0005309929909765281,0.003989344592637365,0.013174243612935
K004,N15_M07_F10,19,1499.616798544057,1.2581914455657641,983.1414104767815,99.99960937652585,3.098489924832214,1.760252801398769,3.058879697685525,1.7377502227264254,-1.498807438650743,1.2105177617842333,0.006404482342156042,0.0014457983221825314,0.0025557781680912903,0.01422605011305038,3.138689400944567,1.7716346691529175,2.992067869116397,1.6888740783939462,-1.4915213219044827,1.214029108010519,0.011022705550417025,0.003539965915022332,0.003375754744716037,0.013830824567748054
K004,N15_M07_F10,2,1499.584589492148,1.2630125227243065,991.6119122537871,99.99960937652585,3.131037689646743,1.769473845426019,3.0554357889963946,1.7267482064764663,-1.4941387601024785,1.2231765543016455,0.006855045494597304,0.0023923913585868653,0.003854959642420621,0.014736094916326874,3.143935886433637,1.773114741474346,2.9617614726520505,1.6703721442129256,-1.4971744294298333,1.222243016127755,0.014583845908939009,0.002561249326298019,0.004979607151173877,0.013304552631371598
K004,N15_M07_F10,20,1499.5670272414152,1.2580649620421105,982.8793380808447,99.99960937652585,3.090354161218054,1.757940317877161,3.0650787333259593,1.7435624532619296,-1.4985511940123508,1.22069780505431,0.007009396411485872,0.0014928675987542707,0.002998505351734221,0.011865337106660719,3.138400857298682,1.7715532329847394,2.9872463969516145,1.686230106627198,-1.4904305003785987,1.225469191385395,0.013509130105141702,0.003196309248423049,0.004421034400335993,0.012378783761904388
K004,N15_M07_F10,3,1499.5514044006518,1.2629646841589484,991.163103024387,99.99960937652585,3.1276876984979185,1.7685269855158894,3.1112271097603053,1.7592194720470962,-1.4951679634092088,1.2220462538333698,0.004926941774920834,0.002369083822223302,0.003922873079609323,0.01400610651155117,3.144059748245742,1.7731496688790098,2.9858688334759624,1.683935025836616,-1.4965669072627168,1.2217124241553503,0.008006023173023803,0.0028773350794593267,0.004047709713650105,0.012564370061171585
K004,N15_M07_F10,4,1499.6320954674704,1.262310883106815,990.6862575223702,99.99960937652585,3.1048669236396313,1.7620632575590558,3.074032895917698,1.7445644375878324,-1.499891283814186,1.2230494016383844,0.0026896766456604147,0.0019358677359848464,0.00441419680842214,0.012102425924978084,3.13628694957185,1.770956506967873,2.923189695333791,1.6506276036889824,-1.4940067814692992,1.2259643585701303,0.00757972316754588,0.0013647253842795698,0.005038892990175059,0.011652693618878036
K004,N15_M07_F10,5,1499.5817655106732,1.2616331806244128,990.121374309878,100.0,3.1057102816030255,1.762302551097009,3.0533694437829166,1.7326022945845685,-1.5005909157799797,1.2206642907068255,0.002104028951077551,0.0023033208826179264,0.0041224422415704984,0.01362857289917684,3.130096449139212,1.769207859223786,2.9528073100603116,1.6689996569175385,-1.4941978666671938,1.2221399831944242,0.007811517126501079,0.0010231180441113337,0.004798180795742975,0.012021476067766969
K004,N15_M07_F10,6,1499.5296787136026,1.2615835995117313,989.4111792871358,99.99960937652585,3.108870079146816,1.763198820084342,3.0712777689663935,1.7418783032190777,-1.4977582232968882,1.2147476808626252,0.0035099218729359,0.0012725499028166168,0.0041290638385175,0.014055021989813125,3.142931461890126,1.7728314815261281,2.9658941630790063,1.6729701576180493,-1.4925056641608159,1.21740608137607,0.010663479921245831,0.003783787191134973,0.0050638516462495585,0.013662850566776399
K004,N15_M07_F10,7,1499.6325142758587,1.260762040328163,989.1125453030314,99.99843752441367,3.1214901587168815,1.7667739410340197,3.0085986308242223,1.702876956099666,-1.4939983306494307,1.225747343344833,0.008345435475398148,0.002849812986859546,0.003600660723439217,0.012914453221555822,3.12887872526443,1.7688636819338086,2.9507409648468332,1.6681562264995675,-1.4974320382519948,1.223762747665011,0.01537804703556884,0.001686087904057712,0.005047411459574337,0.01240519686270397
K004,N15_M07_F10,8,1499.5553042177705,1.2612823354035438,988.3883893608639,99.99960937652585,3.1267633135045614,1.7682656230059333,3.023751829056396,1.710009961012656,-1.4944929245501746,1.2166052919853552,0.00840670333381795,0.0035508574008124463,0.0032612250136118764,0.014755311448731842,3.127560658284336,1.768491068194673,2.9500521831090074,1.6681182258503042,-1.4970632064878437,1.2131997717966063,0.014727280058267147,0.0014570045116115886,0.004247711135527684,0.014563074121914316
K004,N15_M07_F10,9,1499.519798290229,1.2608129112878144,988.1070539476868,100.0,3.1198860369056667,1.7663199135223684,2.98449127000031,1.6896663210056226,-1.4971856417197755,1.2173717553649779,0.008454319248209975,0.003939404970708927,0.00405630455533028,0.013887982155559727,3.123997145108006,1.7674832800080476,2.9486746196333553,1.6682899651644396,-1.4965974465063092,1.214754555121131,0.014106712441262962,0.0007667844023769074,0.00440229068579183,0.01432492549739202
K005,N09_M07_F10,1,899.7812152360793,1.1604985405441932,1014.4414485274475,59.999765625915515,2.592930004839591,1.6102577448469517,2.83433685115423,1.7601758850249294,-1.495472619609611,1.121979439786758,0.00521751308443603,0.0023151597045496506,0.0019418094429731363,0.008111737700853125,2.616350905239667,1.6175138037246133,2.6924478131620617,1.6645594040447889,-1.494005884159861,1.1263873154568826,0.002565973411960931,0.0009263641106284665,0.0009344905304929081,0.007956760998552073
K005,N09_M07_F10,10,899.7635469652556,1.2073614732674343,1013.412727117649,59.999765625915515,2.807006019563692,1.6754121939283155,2.8811740093264016,1.7196806969459577,-1.4946779020093757,1.1769380414575523,0.00574672001553647,0.003238330525079013,0.0015706914513388811,0.010746571751390922,2.833954396782587,1.6834352962863133,2.8171173077085783,1.6734336709722,-1.494379623393541,1.1820352955120117,0.0025590963462499327,0.0009540973746585801,0.0009737820251448311,0.010418607404036011
K005,N09_M07_F10,11,899.6601050549826,1.2075848567694798,1013.7317684566513,59.999765625915515,2.8071827442053716,1.6754649337438763,2.9238784770716175,1.7451146951420369,-1.4945770440520534,1.1669858527273596,0.00566697781571601,0.0029066996464152443,0.0018775487070320518,0.00864819015978786,2.8340645936223123,1.6834680257202133,2.7930099468846663,1.6590810779965803,-1.4946618924650434,1.1720371687521187,0.002246222805687155,0.0008224311734771789,0.000769167885152507,0.008516201315313212
K005,N09_M07_F10,12,899.6830904378718,1.2087099127207745,1013.814903256507,60.0494442389675,2.8140078935417683,1.67750048987825,2.945919492682051,1.7561362935255302,-1.4950392780781478,1.0393098463596706,0.004946445270448339,0.003730990397398414,0.0023722480016464273,0.009328044539919445,2.8369294622295675,1.6843186937838004,2.800586546000753,1.662741473057733,-1.4938084109646876,1.0427880620248007,0.002344061015810134,0.000877535907568984,0.0007965868713589123,0.009002620076017
K005,N09_M07_F10,13,899.7666256248585,1.2107827226817873,1014.6157883696173,60.0,2.8235765662981382,1.6803501320552625,2.933521421401182,1.7457798618512597,-1.4946216898955027,1.1745488592107383,0.005798895348335809,0.0030634724151885305,0.0016094994817633407,0.009656270399879643,2.846140532047049,1.6870508386077312,2.7716577130120585,1.64290112045433,-1.4943047914651877,1.1787857331324676,0.0027069108000216963,0.0010823413874580226,0.0007242663331129668,0.009256499513651342
K005,N09_M07_F10,14,899.8295638993637,1.2134749027128466,1015.5719396996152,59.99929688323965,2.8353607377482937,1.6838529442170103,2.957628782225094,1.7564650122106644,-1.4946354239867552,1.1840181270096999,0.005658939493732893,0.003095960926075752,0.0015101991384088933,0.011199117231942784,2.859997141493524,1.6911526073934084,2.7620147686824934,1.633214386807833,-1.4944396036711998,1.1887194395117444,0.002849277030654645,0.001060312789054584,0.000731588697418173,0.010782701297171701
K005,N09_M07_F10,15,899.7685571696542,1.2158874612529331,1016.0367415744579,59.97938208740745,2.8458163518461626,1.68695475690552,2.9507409648468332,1.7491524018460045,-1.4949070111457652,1.1894100776097436,0.005686833137350253,0.003125833008615454,0.0020774150267804797,0.012062008345798448,2.872278875260288,1.6947798899149966,2.8426022320081423,1.6772692719115967,-1.4946588901005118,1.1944798321183603,0.0030643878399487204,0.0009533139697190725,0.0008366878149223598,0.011650546380724472
K005,N09_M07_F10,16,899.7221886133261,1.2151494524352175,1016.9732765230966,59.86675066338315,2.842902019379631,1.6860907506358105,2.9652053813411805,1.75862739311216,-1.494675703101457,0.7849714288064997,0.004307270915349917,0.0027927721504059097,0.0018192598477113104,0.00891621358997208,2.8689587413610713,1.6938000889600495,2.783367002555101,1.6432677154149982,-1.4945115953139307,0.7894248586623881,0.002833025608773734,0.0009166520126596461,0.000961513451466408,0.008361512291661044
K005,N09_M07_F10,17,899.8111478747867,1.216345164302505,1017.047181663498,59.99929688323965,2.847796348104524,1.6875415100389455,2.8942608623450967,1.7150753597037753,-1.4946212283955926,1.187970263772298,0.005954867292863779,0.003286637096783039,0.001226495171683926,0.0115547757150357,2.8742740721154068,1.6953684178123074,2.8329592876785776,1.6709992105044698,-1.494589799140366,1.193008958150913,0.0026367372681829,0.0008384371886941029,0.00121174584917215,0.01127102711708908
K005,N09_M07_F10,18,899.7778181849264,1.2172837280050857,1017.0284717427925,59.999765625915515,2.8534700081596984,1.6892217166966859,2.9472970561577028,1.7447662595299887,-1.4947164627883305,1.184788703892191,0.005925710427524009,0.0033478111395514347,0.0025827973344919723,0.010502029111162063,2.8789289777987417,1.696740692562874,2.8226275616111867,1.6635585944176865,-1.4944848138282294,1.1895776594470027,0.0026312631705346693,0.0011893230950455135,0.00047203444541261513,0.009985210540127111
K005,N09_M07_F10,19,899.7002251085446,1.2215394586141213,1018.0973594043807,59.999765625915515,2.874442182218891,1.6954179963120868,3.027884519483352,1.7859221301588624,-1.495442678897321,1.1865479864770048,0.00597233774125575,0.003236743862265948,0.001006202522194291,0.00995008062735958,2.8979903444248722,1.7023484791384143,2.7985202007872747,1.6439173501089803,-1.4942307384050841,1.1909634709842813,0.0029097574532789667,0.0013204469937698664,0.0009447438092092522,0.00960292070266502
K005,N09_M07_F10,2,899.6621755945387,1.1666180719916581,1014.8097656255761,59.979147874371805,2.6214878955035124,1.619100952844977,2.81160705380597,1.7365236237219182,-1.495099571054131,1.1423691086244345,0.006041297386846126,0.0028392641929695125,0.0021933403309325706,0.011720839381345768,2.6462661290618157,1.6267348060030606,2.7509942608772766,1.6911141574677173,-1.4942636033145402,1.1471951248651195,0.002713173348482113,0.001040622623909639,0.0008040456137762835,0.011318483300054076
K005,N09_M07_F10,20,899.7148824489168,1.2206983783858953,1018.252073855719,59.999765625915515,2.8701127046667136,1.6941406980138083,2.9872463969516145,1.7632811728410922,-1.4951078929066195,1.1879815847140118,0.006052623670619453,0.002923693746412646,0.002224468233472439,0.010389438434369323,2.8924489778454587,1.7007201350738042,2.852245176337707,1.677080853878367,-1.4942719353606788,1.1921312825173775,0.0029762243077967447,0.0011079512601952976,0.0007566851314764051,0.010190966138746007
K005,N09_M07_F10,3,899.7096251647552,1.1756771580425112,1013.2919155502019,59.977508434337125,2.6624682124965617,1.6317071466707995,2.858444211978142,1.7518120318405639,-1.494915200220686,1.151968368895564,0.006012513435372867,0.0028658108232940114,0.001934278801827804,0.0121021218653706,2.6867907678280196,1.6391433030177744,2.728953245266843,1.6648655674233328,-1.4943286017456385,1.1566424846343304,0.0028170347183167966,0.0009853886590192832,0.0008432366039936011,0.011714785939408659
K005,N09_M07_F10,4,899.7174698030641,1.1802684859538415,1012.3046649635744,59.999765625915515,2.6838396587158924,1.6382428570623748,2.8308929424650997,1.7280056679394487,-1.494923545279591,1.1462038218636674,0.005555921993813963,0.0025813833618933573,0.0013486934529016164,0.00963367905415445,2.7073884342059125,1.6454143655036906,2.8074743633790136,1.7062415536402562,-1.4942009179389175,1.1506617251737743,0.0026646385039270416,0.0009644847382773131,0.0009118031554426849,0.009156064631641056
K005,N09_M07_F10,5,899.7811245864475,1.18663195244899,1012.0380915061835,59.999765625915515,2.712313121856093,1.6469101741916872,2.874286191948141,1.7452598429412562,-1.494593083490062,1.152092711640932,0.005510394239015885,0.0029864000961121353,0.0024333373067262367,0.009424112157412408,2.7383677788451064,1.6548014318476723,2.726198118315539,1.6474472802888478,-1.4947451597233379,1.157084368080279,0.0031666874451526028,0.000992379515699473,0.0007315984089936663,0.009138508236973384
K005,N09_M07_F10,6,899.7506796235386,1.1981850709562931,1012.0292991785126,59.999765625915515,2.7644920828760906,1.6626761810034119,2.874286191948141,1.7287107524530316,-1.4948506501458574,1.1616374239739797,0.005797435629836646,0.0029499784265050737,0.0013007040339397054,0.009268625206780892,2.7904893301611216,1.6704757795793155,2.790254819933362,1.6703353942887136,-1.4943935093899425,1.1666420381377502,0.002933537863412049,0.0009063797658567242,0.0008216897391786841,0.008971387004524274
K005,N09_M07_F10,7,899.6988567486196,1.203099857800269,1011.4608208290126,59.93538216610217,2.788006235028433,1.6697323842545646,2.9149243144798787,1.745743414913293,-1.4946260408245953,1.096650351467665,0.004286979187253182,0.002087346030077704,0.002232174814204036,0.012072066697081375,2.814760574049069,1.6777248207167554,2.799897764262927,1.6688659127465004,-1.4947875261484018,1.1016060201904954,0.00190045787461082,0.0010907201815737585,0.0007049530816962532,0.011979291785303227
K005,N09_M07_F10,8,899.752429843732,1.2050494080262202,1011.8561231824099,59.979147874371805,2.796900445692351,1.6723936276165223,2.897015989296401,1.732257251796156,-1.494927192246322,1.1787260663658834,0.005759254193296484,0.0031204932380657006,0.0017909748479105734,0.011780431161733568,2.8218476767460774,1.6798356100363148,2.797831419049449,1.6655388195925702,-1.4942773559742943,1.183498708954896,0.002859917957264517,0.0011156231565497914,0.0008505860258391739,0.011462725996576193
K005,N09_M07_F10,9,899.6928973522389,1.20701393102283,1012.3890980104278,59.999765625915515,2.805915127930544,1.6750866031135656,2.946608274419877,1.7590781688199713,-1.494973536313889,1.1720373400444046,0.006225437395858093,0.002609248403723115,0.002039006744239738,0.009646220745226468,2.829479183435588,1.6821055803473182,2.7813006573416232,1.653463783627271,-1.4942190648190004,1.1764324465036573,0.002959860307753758,0.0011163266526917,0.0008683263597641948,0.009499991351612678
K005,N15_M01_F10,1,1499.6846731781502,0.662067421620031,1016.6970524847912,99.99960937652585,0.924674842704471,0.9616001469969059,1.8679760729842698,1.9425704944180717,-1.496008561210966,0.670119313465424,0.008950269672615608,0.0020449153245221236,0.0008433012579524074,0.007719502118969612,0.9403008560460194,0.9696911137295317,1.8032305896286205,1.8595927755728423,-1.4872413947623313,0.6748239152105702,0.005577212594048253,0.0005286667775564757,0.00040563192910366677,0.008192183749019385
K005,N15_M01_F10,10,1499.5772856382043,0.626599095191709,1021.4285644709053,99.99960937652585,0.8372910006718064,0.9150360652301124,1.8652209460329658,2.0384124920408486,-1.4897839405720688,0.6325506314951385,0.007546437675039128,0.0012539809058514655,0.0007874145299447313,0.007750558100577575,0.8500438609592621,0.9219782323673711,1.8046081531042726,1.9573218648238206,-1.482987614263404,0.6363965157898704,0.006770320098459092,0.0019358476494749988,0.0010926011579321824,0.007978256119998214
K005,N15_M01_F10,11,1499.6165078371025,0.6270491073571048,1020.5094133918439,99.99960937652585,0.8389195541224633,0.9159255177810384,1.938920591980354,2.1168976672662954,-1.4895496428173851,0.6336366759745455,0.0077591148778271566,0.0007974281855176455,0.0005950692393588917,0.007283983290753876,0.8491516066415563,0.9214942249637577,1.74743926886471,1.8963106024168916,-1.4846484108980216,0.6366842099041571,0.007325963228745848,0.002156133326233702,0.0009080032944546308,0.007686969130947297
K005,N15_M01_F10,12,1499.5666732278632,0.6273922243864075,1019.561672943631,99.99960937652585,0.840142353437415,0.9165927958681624,1.8631546008194875,2.0326960993128655,-1.4902012072786237,0.6347464562724403,0.005656875493790027,0.0008512106500228324,0.0012259806245754252,0.007136398634903727,0.8496286329414144,0.921753021661125,1.771546629688622,1.921932001368493,-1.4867468856504331,0.6378522454074916,0.0029193469610198173,0.002258925971248899,0.0010237811982083762,0.007477891174883943
K005,N15_M01_F10,13,1499.5936475104904,0.6267448117496837,1019.2164071999701,99.99960937652585,0.8376291446792137,0.915220817442006,1.8989712511864427,2.074877685249738,-1.4886741793387246,0.6306123248023195,0.00702435611562174,0.0006115681128923856,0.0009021724564034806,0.007781460571747798,0.8486128134306067,0.9212018309961214,1.7074899280707982,1.8535459555312015,-1.4873069820700606,0.6339456500264382,0.007599708855975038,0.002537105075230484,0.0005354694361861356,0.007769896148603458
K005,N15_M01_F10,14,1499.5588950745257,0.6257437631494709,1018.8610522126261,99.99960937652585,0.8359461339286784,0.914300899009007,1.9044815050890511,2.0829920512528006,-1.4887815056317877,0.6288963563563342,0.007555326748375699,0.0005173272200971786,0.0005182927439574822,0.008485478622823027,0.8482464089029842,0.9210029364247349,1.7267758167299279,1.8748863314520403,-1.4830122182254404,0.6327431995337898,0.007573838195796444,0.0023876362375279403,0.0010577759385498324,0.008677026234760443
K005,N15_M01_F10,15,1499.5975417025586,0.6253550898662386,1018.0896541974846,99.99960937652585,0.8345781615829417,0.9135524952529777,1.8948385607594862,2.0741430521020847,-1.4880359477879594,0.6294245263042256,0.0071222014244022745,0.0006544563974216981,0.0008576114910562641,0.007992322577076301,0.8463515560968332,0.9199736714150211,1.6923367298386252,1.8395490897425624,-1.4882642580507552,0.6331375075202158,0.007431391932026392,0.002280864528945613,0.0005893891053087882,0.00791823949784022
K005,N15_M01_F10,16,1499.551461216639,0.6258519279148584,1017.9602677529729,100.0,0.8333146864591989,0.912860715804552,1.8590219103925312,2.036479254947539,-1.4920473057723824,0.6314891833441412,0.004577465170077997,0.001438898492987917,0.0011219102245520686,0.006966826839083174,0.8487520883264309,0.9212774220214185,1.7274645984677541,1.875075365113629,-1.4883770192707972,0.6365038348703761,0.006548380179081604,0.0006486376414392721,0.0006329514370392516,0.007631115031180403
K005,N15_M01_F10,17,1499.598567357748,0.6259993637374456,1017.0887211204771,99.99960937652585,0.8338927407020286,0.9131772778064665,1.8197613513364461,1.9927799295528636,-1.4958487345523748,0.6308240669795703,0.0030714817958559975,0.0023967879624948265,0.0010914900579885372,0.0074055687851339895,0.8502010458643832,0.9220634717113476,1.8342257678307932,1.9892619370621791,-1.4864336101596307,0.6361114238144387,0.005926500531618128,0.0009137397458734731,0.0006265383663299919,0.007664024492174508
K005,N15_M01_F10,18,1499.6229017287978,0.6254919742388954,1016.8893393558949,99.93461789931158,0.8349884642126651,0.9137770320010594,1.905859068564703,2.085693776293661,-1.4947495064575946,0.6210647892362771,0.0026710739578265585,0.0021824429953498678,0.001188754162069058,0.009648471237616878,0.8493074330929486,0.9215787720498713,1.7426177966999272,1.8909048792691,-1.4844316499912853,0.6259823553819562,0.005326633599938475,0.0011904432517546493,0.0007030330067043818,0.010069906883209585
K005,N15_M01_F10,19,1499.6072093685298,0.6253422507496545,1016.2275765358794,99.88762642027719,0.8360304885106402,0.9143470284911742,1.866598509508618,2.041455214863899,-1.4921736697317616,0.5294061939764422,0.007380674028477215,0.0020998336960282443,0.0006459025068664216,0.008992597561657007,0.8499815333864729,0.9219444307475765,1.7371075427973188,1.8841781400954412,-1.4851399287966258,0.5331955671003911,0.005810291473829158,0.001401259417790282,0.0009283084862336883,0.00926488406355972
K005,N15_M01_F10,2,1499.6742839012602,0.6507237391320094,1019.7457015113041,99.99960937652585,0.8925923602469792,0.9447710623463121,1.8693536364599221,1.9786313435737917,-1.495212193614318,0.6567143982830005,0.003231401992380798,0.0021791303490450663,0.0011247950403135683,0.007236406822830774,0.9084771242444519,0.953140663409369,1.8225164782877499,1.9121170130006178,-1.487735206401336,0.6616970303809214,0.006102351038450735,0.0009938836823349334,0.0007737730995311125,0.007589739048766566
K005,N15_M01_F10,20,1499.5472263049087,0.6252264737369079,1015.9131811891795,99.99960937652585,0.8374166279394362,0.9151047087297913,1.8996600329242688,2.0758936270375954,-1.4898079141787108,0.6284105360757234,0.00473112278913338,0.0007008480073035044,0.0012586100368764664,0.008307672244787852,0.846305331678321,0.9199485483864416,1.7419290149621014,1.893506998861388,-1.4867809847853297,0.6312517110614989,0.002457376052525755,0.0024351930652586683,0.0013163529913750545,0.008685675126405333
K005,N15_M01_F10,3,1499.6019881395596,0.6435599219531256,1021.3377422054624,100.0,0.8785725346452282,0.9373220015796216,1.9458084093586143,2.075923115086855,-1.4902364439953268,0.646707516941676,0.0044880754758888355,0.00046085832928739534,0.0014515698120143097,0.007561014329905172,0.8883607999206564,0.9425289385056866,1.7653475940481873,1.8729903368771061,-1.4860741483152866,0.6496510421158682,0.0025278083611695026,0.002221300861520193,0.0014476704406684116,0.00789688286581779
K005,N15_M01_F10,4,1499.6787258185461,0.6363052213959417,1022.3932220441598,99.98395734180792,0.8575264046853976,0.9260272159528561,1.9072366320403553,2.0595902573747384,-1.4938089263771133,0.6519443199281066,0.009218110135655103,0.0018618592527783436,0.0010832940078863524,0.010100177322588744,0.8723687319538754,0.9340068157962635,1.7315972888947102,1.8539450243930837,-1.4860058515967558,0.6566640268690326,0.0057458920821502795,0.0007817115837071873,0.0004809445953241194,0.010644074379654768
K005,N15_M01_F10,5,1499.640527354085,0.6328191269608406,1022.6466928353684,100.0298802491553,0.8500743579854946,0.9219947711269812,1.9258337389616589,2.0887686126545555,-1.49174802036845,0.5959879339415586,0.0031593135970853243,0.0015199079083875698,0.0017776813951473533,0.010436615709646468,0.8625719343456345,0.9287475083926925,1.832159422617315,1.972720686796871,-1.4839874083146483,0.5997690984915098,0.0038764542723239985,0.00203865721696108,0.0007173430873366689,0.010672573619128264
K005,N15_M01_F10,6,1499.5599030599112,0.6307577119993135,1023.1383002931713,99.9996179721196,0.8455260481215918,0.9195249034809181,1.9003488146620946,2.066663781990251,-1.4892712665634065,0.63062690999611,0.005849326417042661,0.0010010366216968787,0.0011346084577891992,0.008695869757164661,0.8554936121135606,0.9249289767941972,1.74743926886471,1.8892685954345734,-1.4901852232571777,0.6337605999600456,0.002272439014445242,0.0018860072725856083,0.0006167570070699582,0.008598109245099125
K005,N15_M01_F10,7,1499.6689324656086,0.6298492900298667,1022.4151556342069,99.97779483203934,0.8407910643638599,0.9169465984253717,1.8114959704825333,1.9755741213210543,-1.4950922889156226,0.6465881447288622,0.0031875758413561356,0.0018585401005439,0.0013498993816486026,0.01032457644084548,0.8567358846131288,0.9256002833907997,1.6930255115764512,1.8291108396967022,-1.4864189748625931,0.6519079700968411,0.0063357657554062585,0.0007673748636242272,0.0008242461759244189,0.010909657883287557
K005,N15_M01_F10,8,1499.583576181417,0.6294383933251576,1022.4174820025056,99.99960937652585,0.8432418632788912,0.9182820172903807,1.8831292712164434,2.0507090803902317,-1.4886442950755596,0.6318663287526515,0.006964644442902263,0.0008155703560589538,0.0006795653410908107,0.00814439010238119,0.8542760563291099,0.9242705536416866,1.726087034992102,1.8675127409298131,-1.48701762447594,0.6352232554526819,0.006881450868204696,0.0024248769839438694,0.0006450730423678243,0.008357755346535876
K005,N15_M01_F10,9,1499.6116751752377,0.6272377242243594,1021.9889200837283,100.02838180920426,0.8346636413155277,0.9135992783028716,1.7708578479507957,1.9383310495170185,-1.4975446550589369,0.5878642652943442,0.0024053178662557773,0.00230197115429497,0.0008481107843806416,0.009929156341108273,0.8503745464905568,0.9221575497118466,1.694403075052103,1.837433392571113,-1.485560811083453,0.5925030289551412,0.004332035415835941,0.0004265707357566242,0.0006545698497426092,0.010500135205069955
K005,N15_M07_F04,1,1499.72305580691,1.3003317321546903,381.5101209232621,100.04022757312798,3.339981152102955,1.8275615316872247,3.142911069700304,1.719729275981605,-1.4949163341942964,1.1480487029941078,0.007911673476754985,0.002435353035423773,0.0009230157930794982,0.017860702147900438,3.358532231670064,1.83262986761377,3.0402825907642215,1.6589725205793526,-1.499634577637092,1.1506217971220045,0.003473926535080697,0.002367219899203035,0.0015530878666955266,0.01620138960050867
K005,N15_M07_F04,10,1499.6297075163764,1.2708662232958834,384.82860476949065,99.99960937652585,3.180874821570582,1.7835007209335751,3.0430377177155252,1.7062161410972934,-1.4962699953426348,1.2373517575590618,0.01273894844711526,0.0042461424323793715,0.0021369554581445655,0.012731847189987143,3.204309821538116,1.790058608408707,2.971404416981615,1.659948117354146,-1.4979937421779161,1.2414756756741157,0.005887613591109321,0.0019619115630876397,0.0002275876111143461,0.012251492787828446
K005,N15_M07_F04,11,1499.5948914125129,1.269355875774636,384.70114462670296,99.99960937652585,3.1663558640838185,1.779425711875553,3.0141088847268307,1.6938660965789323,-1.5050285466371143,1.233721020605737,0.0022189609452171193,0.00671590583582965,0.0007066435347634008,0.012533625892105018,3.202694763853689,1.7896074328895957,2.953496091798138,1.6503597590837369,-1.494567315960772,1.2407162732611732,0.005826506744004987,0.0021550496126945787,0.0009247722741567335,0.012075651062681294
K005,N15_M07_F04,12,1499.6008700095654,1.2687429799758712,384.61255381969283,99.99960937652585,3.174343577517713,1.781668762008728,3.110538328022479,1.745856690283736,-1.497138484180758,1.232533138385646,0.007638988129457617,0.0013681446863449194,0.0013800900959372725,0.013950188605808574,3.1935940498574698,1.7870629675133078,2.9934454325920488,1.6750643301379682,-1.4950023676968824,1.2358542269271626,0.0047275871657351965,0.0036418069882028386,0.0021887938095778514,0.013084714179135168
K005,N15_M07_F04,13,1499.6117337901042,1.2677820068669443,384.88261750694005,100.08265200402008,3.160388582733912,1.7777481775363777,3.0085986308242223,1.6923649079441443,-1.5054190482780236,0.8612669677562143,0.01351911551544411,0.0047153813954291055,0.0020512408533510614,0.017027108439060693,3.196924152364488,1.7879944497577411,2.9982669047568318,1.676888261685081,-1.4934350702181294,0.8655438966456557,0.006918442111018138,0.0016823095564679155,0.001050343255348573,0.01583045708015898
K005,N15_M07_F04,14,1499.6471888673857,1.2674792531817225,384.06958467334795,99.99960937652585,3.165718022667937,1.7792464760869802,3.1284466532059567,1.7582986366713027,-1.5007903816877508,1.2386596320844223,0.004543934356981198,0.0022609871178586203,0.0021629149220392754,0.013066591901920738,3.1909800076411083,1.7863314383509876,2.9610726909142246,1.657627821658714,-1.4877758496594775,1.243342163882778,0.00621117016155248,0.004822104155127424,0.001038193054288602,0.013272166627902406
K005,N15_M07_F04,15,1499.60717977742,1.2665658587580169,384.5800355579162,99.99960937652585,3.157010980815526,1.7767979572296693,3.072655332442046,1.7293217385463675,-1.498195957137141,1.2347175762999325,0.0053923329280550015,0.004780664915302945,0.0018917404662916976,0.011993706347800307,3.1832525087979526,1.7841671751262416,2.9183682231690087,1.6357033487977464,-1.496997578363742,1.2395397148189635,0.007968033735243149,0.0016714602114625684,0.0007202729920742011,0.011974544048822677
K005,N15_M07_F04,16,1499.5866289615726,1.2658109271462556,384.07557337375715,99.99960937652585,3.154063254295486,1.7759682582454805,3.036838682075091,1.7099622518452289,-1.4975397679486515,1.219324892106872,0.012943596686915821,0.005116559271862931,0.00244363600503676,0.014914349146204722,3.1804834983576638,1.7833910110678655,2.929388730974226,1.6425947606521554,-1.497204620650909,1.2240583769115,0.005748084837955712,0.0023348367971738767,0.00033565738565819467,0.014622617356749053
K005,N15_M07_F04,17,1499.5887620218223,1.2658656836830107,384.2687757149871,100.0,3.15785857797452,1.7770364593824517,3.060946042899003,1.7225004173311842,-1.4955428110622826,1.2291896188582223,0.011516749975126184,0.003485129749391654,0.0014065397410210616,0.013998372287554727,3.177545508801109,1.7825671120047932,2.9872463969516145,1.6758114613659394,-1.4981066120001458,1.2325935690391618,0.005346197984382381,0.0018181909813564285,0.0009315921944535233,0.013140146466669587
K005,N15_M07_F04,18,1499.619553234815,1.2649053718152852,384.30537544774324,99.99960937652585,3.150703780995554,1.7750221916910092,3.065767515063785,1.7271713725128826,-1.4963249171943263,1.2333068104574232,0.011960370030052868,0.004339682712611015,0.0018300463062018027,0.01272557994012186,3.1747786649059764,1.781790858913014,2.990690305640745,1.6784743791228243,-1.4977026038608416,1.23763371829169,0.00525277611480796,0.002113170379060572,0.0007928111161282507,0.012268130699537506
K005,N15_M07_F04,19,1499.6444907856649,1.2644727304456513,383.8367882491572,99.99960937652585,3.1527696380968453,1.7756040206354697,3.120181272352044,1.7572506235007086,-1.49921547621552,1.2276756986414006,0.005656038210150944,0.0014604039342888638,0.002229035049414686,0.013809258678854965,3.1718829015495276,1.7809780744157204,2.943164365730747,1.6525550808346146,-1.4912183359903057,1.231035955379786,0.004737471192397773,0.004660137077364902,0.002059563950617597,0.01304998248896612
K005,N15_M07_F04,2,1499.6215291860844,1.2933442048160486,382.96835040063183,99.99960937652585,3.290907321227089,1.814085808672536,3.0533694437829166,1.68314499192143,-1.5014613415924403,1.25451182914008,0.0032493375305602673,0.004084536199127693,0.0014802570680317688,0.013098985602431057,3.3255597038253737,1.8236117195898291,2.942475583992921,1.6135428130801601,-1.4961093365825173,1.2608222064283066,0.007031712170799971,0.002175635030505758,0.0010407906924291344,0.013568206796741153
K005,N15_M07_F04,20,1499.5880274945614,1.2645622537903691,384.35957890813575,100.0,3.149072874676286,1.7745627277378182,3.1167373636629137,1.7563410495136886,-1.5018508704654743,1.2245136329974058,0.004280653494733884,0.002546800243063629,0.0019515006345954685,0.014371791502977549,3.1782076578748883,1.7827528314028527,2.95831756396292,1.6594098249924036,-1.4894149107046126,1.230025371360046,0.0065058814332519055,0.004260587460093721,0.0011356757833277675,0.013972136286172268
K005,N15_M07_F04,3,1499.5611034326182,1.2906105858718662,383.70940439554664,99.99960937652585,3.2773768752964085,1.8103526936197842,3.05268066204509,1.6862353246434438,-1.5018751433126465,1.2574968125740005,0.013285035507875994,0.004629149404924299,0.002593962497004181,0.012376715967991947,3.3118278668008005,1.819842813761892,3.0313284281724826,1.6657089311500841,-1.4957611547210385,1.263597582671401,0.005872608075464753,0.0023478027601568255,0.000285641483191977,0.011875842644818465
K005,N15_M07_F04,4,1499.6269339526646,1.2846393562905603,384.1297768341496,99.99960937652585,3.2559946795020362,1.8044374967014059,3.151176450554216,1.746348353054462,-1.500219358077285,1.2542367086680095,0.005526981826056769,0.0020753818673665573,0.002226349325819787,0.012573936555177606,3.2773994222231346,1.8103589208284456,2.9762258891463977,1.6439976928908855,-1.4897241739005158,1.2580794986448376,0.003107006855232509,0.003073479391761226,0.0018183901912293236,0.012398816921547432
K005,N15_M07_F04,5,1499.6160771991624,1.2794072967835086,384.80848349900714,100.09237999225694,3.224044876176111,1.7955625514518037,3.0933187845768275,1.7227574623204978,-1.5011428949317418,0.8524500708706175,0.009932494452718281,0.00244535245745017,0.0006036605330649156,0.01565203099243765,3.2563377052920246,1.80453254481376,2.9321438579255297,1.6248772383477001,-1.489363519252189,0.8563020935163547,0.010531389823002914,0.003219536174966962,0.0015093725313037915,0.01485060152835746
K005,N15_M07_F04,6,1499.6641583794633,1.2766432923327107,385.38654566685875,99.99882813873275,3.2097680851078305,1.791582564412768,3.1112271097603053,1.7365803684186225,-1.5019450892333164,1.2391511864213474,0.00963083137831165,0.003069984536332598,0.00043299224515833313,0.012833305738819077,3.242095134881467,1.8005818878577744,2.982424924786832,1.6563672804324074,-1.490101873317631,1.2446188738875887,0.008555285192534243,0.0028941284264933764,0.0014401889766258104,0.012706424807062447
K005,N15_M07_F04,7,1499.6491936533166,1.2738502865434678,384.8037659421089,99.93480815249426,3.200620426421844,1.7890277880518917,3.1621969583594334,1.7675504983647086,-1.4987313814240195,1.2067830008007814,0.005483232864961912,0.0008848413037705092,0.0022127252367953798,0.017926475837291823,3.21953167791965,1.7943053469015942,2.992756650854223,1.667919373936055,-1.4931424637853437,1.2101307034175433,0.00372930243396217,0.0030420112254690443,0.0020650310327213813,0.0167205355181687
K005,N15_M07_F04,8,1499.5752056861709,1.2720970579102604,384.91360998517297,99.99960937652585,3.1852066397179692,1.7847147222225654,3.0802319315581324,1.725895961524997,-1.4960360759370934,1.227165878176122,0.007623706528875313,0.0036642302286354145,0.0025993625556546356,0.015448857610593109,3.210301915448736,1.7917315411212518,2.9280111674985734,1.6341796191555833,-1.4983625783066192,1.2314665881134812,0.009479236673538173,0.0024116272059462227,0.0009006260813457866,0.014616329724960856
K005,N15_M07_F04,9,1499.6280182997943,1.2718175943024002,385.027547871304,99.99960937652585,3.179225021364703,1.7830381435529368,2.9528073100603116,1.656053921637625,-1.5053274338700875,1.2350326800457083,0.012695559457166902,0.006238612747984777,0.0023674764001071964,0.013111814760398514,3.215194501281249,1.7930963446734391,3.001710813445962,1.67403766248413,-1.4937959466211912,1.2415510303839075,0.005235639277062943,0.002298076032679948,0.0004434057984109564,0.012636754267433969
K005,N15_M07_F10,1,1499.6165345258767,1.232130159345562,1007.938559063899,99.99960937652585,2.984425532904479,1.7275489958043098,2.9541848735359637,1.7100440454718093,-1.5014401554867278,1.1844806394512912,0.009067116867643776,0.002445930315161064,0.00069597989928421,0.015200719088837284,3.021698616930469,1.738303373099894,2.921812131858139,1.6808413175012766,-1.490690323817733,1.191136140611312,0.007954348664256667,0.002541298885212713,0.0013120675971181137,0.014497748360928943
K005,N15_M07_F10,10,1499.6335346320163,1.239452979892744,1010.7204278153349,99.88946147498872,3.018823044401079,1.7374760557777706,3.0340835551237864,1.7462592045710794,-1.5038110465486696,1.015980431663542,0.0024807743133044373,0.004131749168530921,0.0020949136936172998,0.015722769962971932,3.0518565747524096,1.746956374599094,2.906658933625966,1.6638417397761351,-1.4908879708728275,1.0202004395595736,0.005867282811823689,0.0032077123333237732,0.0012761261054291416,0.014950691102519677
K005,N15_M07_F10,11,1499.565987878058,1.240368658145964,1012.4208724527268,99.99882813873275,3.0277525869909425,1.7400438462840362,3.0485479716181336,1.7519949156042725,-1.4979148847214543,1.2051067009248693,0.008673741199474951,0.001862991676081025,0.0015591819777547088,0.012619892083737927,3.0530254218154327,1.7472908807108887,2.8942608623450967,1.656427612766777,-1.4941772140260858,1.2093026143292627,0.011353762538561215,0.0021786354376651658,0.0015154649046996982,0.012191014632017591
K005,N15_M07_F10,12,1499.650123119547,1.239369380110597,1012.8288479000367,99.99960937652585,3.023199535632299,1.7387350389384517,3.0430377177155252,1.7501445876269843,-1.4967729605693272,1.2063495099607593,0.009155893536009667,0.0017228846784473882,0.0019486307058434681,0.012109088763984177,3.0476350941038586,1.7457477177713447,2.847423704172925,1.6310625385253266,-1.4948247426009147,1.210485917843352,0.01143393515183375,0.0036205999026861094,0.0011226347751331696,0.011591203242456138
K005,N15_M07_F10,13,1499.5531404089554,1.2412474390846786,1013.2352975638029,100.0,3.028952728773942,1.7403886717552324,3.0161752299403095,1.7330469215812634,-1.4982463587547752,1.1984730735389189,0.012465410358551456,0.004751202635097469,0.0021541288581593205,0.014794682176438945,3.057520465989151,1.7485766971995111,2.889439390180314,1.6524521885759933,-1.496403245709222,1.203606681685008,0.005876612861670637,0.0017688973173823103,0.0008798945181648491,0.013942716026831082
K005,N15_M07_F10,14,1499.6486594866108,1.2406099633699925,1013.3040913293326,99.99960937652585,3.0252829811185813,1.7393340625419205,2.982424924786832,1.7146935652074895,-1.5029700246225863,1.2074621669117624,0.011651895994808929,0.004725719748811263,0.0015108717609214706,0.012106322623274747,3.061131809803411,1.7496090448449937,2.9018374614611835,1.658563363061644,-1.4916781376590074,1.2142859848500076,0.0076825655819430065,0.0032795463426938468,0.0009529936163097633,0.011769758601111914
K005,N15_M07_F10,15,1499.5933182950976,1.2407424279847403,1013.6560514482917,100.0,3.0253690608416073,1.7393588073889779,3.069900205490742,1.7649608536487613,-1.5030821727448505,1.2056058358992972,0.0022095588495365938,0.004746022439082035,0.0016733772520463592,0.01215719878760249,3.061352419891552,1.7496720892474544,2.8901281719181404,1.6518113249215765,-1.4919854714757634,1.2127361924461457,0.006618928321468129,0.003044901412967403,0.0013416534533677534,0.012204229626028146
K005,N15_M07_F10,16,1499.5283126194927,1.241092779310538,1013.4127652622374,99.99960937652585,3.02841926012291,1.740235403651733,3.0650787333259593,1.7613012164297759,-1.5025954888937614,1.1994043189856924,0.002261491839552223,0.0044461831776494865,0.0016329408140138698,0.014090559592588448,3.0617702527688886,1.7497914883690824,2.9128579692664003,1.6646886149739877,-1.4916513021510938,1.2060245105967045,0.006527145625003591,0.0033671658126102153,0.0010427066297552464,0.013805582245087182
K005,N15_M07_F10,17,1499.5801318874628,1.240475826389073,1013.2825396367767,100.0,3.030830784357573,1.740928138768965,3.0327059916481343,1.7420052695527133,-1.499985873152053,1.2004496045915414,0.008987402987413911,0.0017372576555951466,0.0005515878430752886,0.013759359945799559,3.0582064954377866,1.7487728541573908,2.9404092387794427,1.6814129015035613,-1.4895194458117582,1.2051886771226323,0.010866945709522319,0.00467898253940715,0.0018732453612678207,0.01324622271356833
K005,N15_M07_F10,18,1499.6178718316385,1.2423267678203793,1013.5141127328397,99.96563681234575,3.0336715872810567,1.7417438351494334,3.050614316831612,1.7514712871481952,-1.503823722399355,1.228848195833966,0.002581258042454777,0.0045441566371770565,0.001918488063610745,0.018011789379585856,3.06951235064082,1.7520023831721292,2.90597015188814,1.6586565062923413,-1.4917683174334768,1.2356932105803473,0.00605024636532242,0.002574169524988281,0.001182209320972171,0.01754994383674547
K005,N15_M07_F10,19,1499.5376440413102,1.2426256071891928,1013.7733767757421,99.94431095516447,3.03992037929741,1.7435367444643688,3.0650787333259593,1.7579662390582889,-1.5014820264140687,1.2137209136858156,0.004610763483469575,0.002909625202290601,0.0022228951284710267,0.01278500838688986,3.0694858757162247,1.7519948275369492,2.889439390180314,1.6492282652697365,-1.4896667934094048,1.2192426505705578,0.0036529847311284783,0.0033616721810005297,0.0012348180224068712,0.012026421107675647
K005,N15_M07_F10,2,1499.6295294370711,1.2358178725394187,1003.8773810054462,99.99960937652585,3.008170343030054,1.7344077787619767,3.0182415751537874,1.7402145055577491,-1.497844486061537,1.1967298362956187,0.010411275067057038,0.0012195272168900465,0.0015656922694731908,0.013318640296525311,3.0281747169331332,1.7401651407073793,2.9011486797233577,1.667168599035398,-1.4934016599638946,1.1998808017238973,0.012656277738929238,0.004000012893402718,0.0016678878703343938,0.012478031405211174
K005,N15_M07_F10,20,1499.5716543975107,1.2427259007993499,1013.917322807868,99.99804691314623,3.0423146110943198,1.7442232113735672,3.0079098490863965,1.7244982347859494,-1.499392845629646,1.210896327980437,0.009546772122051411,0.0016193534578350195,0.0006080042457543925,0.012525354062431241,3.070544363671846,1.7522968822867449,2.8577554302403154,1.6308625890556563,-1.4911308065599236,1.2157865300285318,0.011808827944911388,0.004029267812452382,0.0016821087475549922,0.011820314388664627
K005,N15_M07_F10,3,1499.6078117138254,1.234846442800963,1003.2670436778633,100.02915961975856,3.0012647355470397,1.7324158668019176,3.025818174269874,1.7465888140678423,-1.4995061475652602,1.117754982147181,0.007138064870808484,0.002050192265544543,0.0004188857619092088,0.017507720280463338,3.03052085343128,1.7408391233630063,2.900459897985531,1.6661274778695998,-1.4878170926499563,1.12258236100966,0.009695053474099624,0.004270296460551891,0.002459952525872349,0.017571769840016436
K005,N15_M07_F10,4,1499.61807765553,1.2355285681970802,1005.3727117500691,99.97701588241482,3.0038203482951413,1.7331532962479521,3.0485479716181336,1.7589603748369156,-1.5007507368858175,1.2223350953012802,0.005011691263047024,0.0026054324740367664,0.0029207574668992527,0.01800698364131041,3.0307525379144047,1.7409056660010056,2.8942608623450967,1.6625029827109683,-1.4875832780791216,1.2274782121244514,0.005262878067668248,0.00498254088299478,0.0007264588515064091,0.01819712866688709
K005,N15_M07_F10,5,1499.572952301597,1.2361542296035997,1007.2877170210097,99.99921875610347,3.0049097439087697,1.7334675491363458,2.981736143049006,1.720099199165613,-1.5014212549338382,1.1980847138116941,0.009438238705422495,0.0026367528665775714,0.0005930158463875706,0.013383844624277875,3.0380485719164607,1.74299987719921,2.900459897985531,1.6640620208454744,-1.4891387769110642,1.2039098722442116,0.009290073286359486,0.003619984159012384,0.0014464696312282567,0.013093828102446794
K005,N15_M07_F10,6,1499.6023087266328,1.2369586890830044,1006.4888358297858,99.99960937652585,3.010801133556826,1.7351660247817284,3.0409713725020473,1.7525535476552336,-1.499734967545763,1.203795251260106,0.005317135042599288,0.001699790648688455,0.00261687121821468,0.012348663977895781,3.0362163170379013,1.7424741940809056,2.9032150249368356,1.6661452059369983,-1.4898758042231934,1.2083814653079505,0.0043320571442467095,0.004615570034571946,0.0016856894945419293,0.011637232551559493
K005,N15_M07_F10,7,1499.6279887260996,1.2386743894357948,1008.6264192539381,100.04365995135034,3.0109759872894446,1.73521640935344,2.9404092387794427,1.6945490043372,-1.5038275225460307,1.0572556554962413,0.009090441909764829,0.004881962070703746,0.002326616448165935,0.012754005500597985,3.0480960818785663,1.7458797443920833,2.891505735393792,1.6561883741887484,-1.4934506610120948,1.0633536789072207,0.005272149190173228,0.0019615528515280235,0.0004232178910448812,0.011698713362089493
K005,N15_M07_F10,8,1499.591952081896,1.2392507287846826,1010.0813523212888,99.88207501274603,3.020909911879331,1.7380764977063958,2.9810473613111803,1.7151416322843307,-1.5014728121987586,0.989845713750326,0.008623621357122784,0.00272432595153457,0.000631529170886623,0.017065664569721722,3.0507413850495233,1.7466371646823284,2.920434568382487,1.6720327652673326,-1.4892726267195193,0.9936641034273874,0.009019355237588123,0.003421114969885214,0.0015993478691933138,0.0165547067325126
K005,N15_M07_F10,9,1499.5935329633448,1.2398067616648403,1010.1038175631576,99.99882813873275,3.0159630301213936,1.7366528237161836,2.952118528322486,1.6998898616969298,-1.5044748475682905,1.2002463166350337,0.012716880470214825,0.0058662982178965435,0.0019447212525297835,0.01367699714335768,3.056027508037086,1.7481497384483646,2.9032150249368356,1.6607358975517121,-1.4938886016133917,1.2078408732446115,0.006070999096200908,0.0019951986106409767,0.0006484490759655653,0.013197391954526183
K006,N09_M07_F10,1,899.3606964323664,1.149041675661915,1029.792645147993,59.980084737489506,2.5440408627588273,1.5950049726439186,2.8205612163977083,1.7683714250258908,-1.49253222597657,0.7737781848776831,0.003142121007467342,0.0014425603842969385,0.002054204832987783,0.003540762210715076,2.6030520650260227,1.6133976772717948,2.799897764262927,1.7354046083650416,-1.4930807411499138,0.7777027274879148,0.006697488960923778,0.0010819060644973913,0.0030672898643108342,0.0032980520928344486
K006,N09_M07_F10,10,899.7590401763645,1.1841063244475007,1015.2891780708763,59.94558880684026,2.6952127755817665,1.6417103202397696,2.800586546000753,1.7058956817617685,-1.4919440275300349,1.118886132731092,0.0039508074061260345,0.0021198807088384317,0.0036986354861334755,0.010192371061392482,2.758436148514786,1.6608540419057858,3.0340835551237864,1.826821309139397,-1.494191154967525,1.1245644420405858,0.01042542046606548,0.0006721382830292108,0.00521835562725114,0.009317623519728277
K006,N09_M07_F10,11,899.767855600955,1.1860880038873256,1015.1982803632009,59.9311475664628,2.7027797447539252,1.6440133043117156,2.830204160727273,1.7215214459059196,-1.4917642275500782,1.076146575778048,0.00421948231776419,0.0027259186703860214,0.0047837866059983886,0.011726240498615679,2.767585934883752,1.6636063040526603,2.817806089446404,1.69379382765143,-1.4945440400935952,1.0819758065974825,0.008648241395919664,0.0009018570351265191,0.006732123542863176,0.010825520298336617
K006,N09_M07_F10,12,899.7255807144096,1.187494123428785,1015.1966025255942,59.98149008704345,2.709443084675484,1.6460386036407177,2.8405358867946644,1.7256799934776441,-1.492470592155499,1.161944116266711,0.005950863311762431,0.003267321099777404,0.005232925951854908,0.011525165468872497,2.773186153530093,1.6652886096800437,2.8412246685324902,1.706145500555836,-1.4942182242216275,1.167885713182478,0.012626120391702685,0.000706938245106987,0.007170349669826001,0.010779973975642513
K006,N09_M07_F10,13,899.7173868270374,1.1887744732275847,1015.4820446484277,59.98031895784196,2.715508043730853,1.6478798632578933,2.8074743633790136,1.7036887372533198,-1.4925493502029596,1.16348458316732,0.0054428460533994475,0.0031934783900265514,0.004791410391350471,0.011527557440284287,2.7777431391850698,1.6666562750564586,2.8109182720681436,1.6865614788945744,-1.4939747745637597,1.1692319557519324,0.012819842936902309,0.0006108261779838,0.006586117804299232,0.010962059890863572
K006,N09_M07_F10,14,899.6456589844108,1.1892909205623305,1016.3535795367944,59.999765625915515,2.7155510760721584,1.6478929200867871,2.8577554302403154,1.7341875769997301,-1.492564914347748,1.1505067928453447,0.005436616377720099,0.0029425741617715774,0.003867849512677957,0.008643724085359234,2.7792716428870246,1.6671147659615473,2.8419134502703165,1.7046897479977492,-1.4944685726136802,1.1566453756529345,0.0124560950993126,0.00041498881371101765,0.0053133086678747365,0.008276141100617073
K006,N09_M07_F10,15,899.7290305368329,1.1897208784527404,1016.2659570711318,59.96516546404578,2.718157898351588,1.6486836865668284,2.8226275616111867,1.7120491848190391,-1.4928520581724216,1.1503761367169494,0.005702398705089031,0.0029491772156101342,0.0037677962495093983,0.008447763618393625,2.780387838777624,1.6674495011176873,2.853622739813359,1.7113698123394938,-1.493721268221263,1.1559961530570129,0.01237165767567832,0.0007283768026519557,0.005131875239552607,0.0077677895132411325
K006,N09_M07_F10,16,899.7753420291141,1.190472931235746,1017.5122229918924,59.979147874371805,2.7205257430756675,1.6494016318276357,2.846046140697273,1.7255021977537899,-1.4927830744724788,1.164074811223887,0.005775652533503564,0.0032646187875919217,0.005176104954111632,0.011640636528335762,2.784577920046384,1.668705462340908,3.0430377177155252,1.8235918718973114,-1.494074577467122,1.1699622771617113,0.012781561333929693,0.0005987030388965713,0.006879328270983346,0.0108944167724881
K006,N09_M07_F10,17,899.7237541346925,1.1923018439750803,1018.1916752744213,59.982661261978954,2.728080033855024,1.6516900538100434,2.876352537161619,1.7414602276780562,-1.4930377766981946,1.1660089557436746,0.005608918674190437,0.003142254476081612,0.004867772241074504,0.011718697657196523,2.7929454394900377,1.6712107705164054,2.8336480694164035,1.695565945006927,-1.4941232317810174,1.172128676294167,0.012825676218355234,0.0005605377781403317,0.006692792917210408,0.010924720839615688
K006,N09_M07_F10,18,899.7417537964807,1.1932402959211907,1019.4055344272548,60.04360012457179,2.7307103690501977,1.6524861176573309,2.8494900493864033,1.724365499315674,-1.492746691938562,1.0487218467381336,0.0042816992812525516,0.0032110825187257517,0.005227774824841186,0.010206004158153441,2.7945484558823495,1.6716902990333913,2.892194517131619,1.7301018728193556,-1.4936427252993045,1.0538863122381945,0.008606410709258355,0.0006355022985536871,0.00657128856688979,0.009782969535871757
K006,N09_M07_F10,19,899.753378247766,1.1945954050036196,1020.6463334700551,59.97540071455067,2.7386155897624587,1.6548763064841006,2.835714414629882,1.7135506765786948,-1.4927883776985982,1.1602728622759328,0.005306094118221859,0.0031478741627392784,0.004814518756574389,0.009878993122231979,2.798878410724471,1.672984880602473,2.889439390180314,1.7271162600942176,-1.4941974195871226,1.1654285659606134,0.012285019218978089,0.0005606240162033131,0.006220096802162954,0.009027793635408538
K006,N09_M07_F10,2,899.7301229895623,1.1617361135243305,1026.6301581242221,59.97704003935993,2.599036054870406,1.6121526152540293,2.778545530390319,1.7235003089037568,-1.4925039462403686,1.1365851572095484,0.005495625376110533,0.002948959101105526,0.004833807800829971,0.011080900571898769,2.660552373208571,1.6311199751117547,2.8240051250868388,1.7313288833295997,-1.4940732637175085,1.1424849630649578,0.012552918417934048,0.0004783099715441422,0.006737855731643025,0.010192947663101965
K006,N09_M07_F10,20,899.717776466935,1.1952449788659505,1021.2668289414086,59.890423511961394,2.7404925724938054,1.6554433160014286,2.8859954814911837,1.7433369379641708,-1.4932688010766937,0.9126655116298455,0.004351385814077469,0.0033097179456186357,0.0034205582304139446,0.011617250739868216,2.8016665904397833,1.6738179681314762,2.8563778667646633,1.7065044832523262,-1.493921892778854,0.9158327286780418,0.010807871895171472,0.0011629812011722234,0.004654548101649933,0.010372682923655039
K006,N09_M07_F10,3,899.7121418582732,1.1681417326993548,1022.7863783188006,59.999765625915515,2.62803609186333,1.621121862126142,2.7606372052068417,1.7029177569576397,-1.4932989413829294,1.1301639243803092,0.00490604052834328,0.0025537992214569537,0.0038612410370045904,0.008067249661073386,2.689526271028862,1.6399775215010912,3.0533694437829166,1.8618361555273824,-1.4942217921507577,1.1359416458303626,0.011526249096148961,0.0006235795674884907,0.005120045497927188,0.007639090022230884
K006,N09_M07_F10,4,899.7433938307477,1.1709407459712404,1020.4435057830133,59.979147874371805,2.640256186717156,1.6248865150271745,2.815739744232926,1.7328839387813098,-1.4925081766310206,1.147411294257175,0.0057207266292171825,0.003174757674024789,0.004896653525516924,0.011371648313256488,2.7008251484961834,1.643418738026369,2.7943875103603184,1.700350279391473,-1.49434077037635,1.153174989011669,0.012735025850775046,0.0003641790900139613,0.006925925335981711,0.010791197480590414
K006,N09_M07_F10,5,899.7864687343849,1.174308250885958,1018.8286625312606,59.98031895784196,2.655612348215403,1.629604966921555,2.8191836529220566,1.7299797866029483,-1.4927801524360649,1.1477495164333071,0.00543480710266572,0.00302654315400565,0.00484342046852078,0.010782591429299089,2.716043111642761,1.6480422056618456,2.826071470300317,1.7148052765829385,-1.4941802038305763,1.1531736607010523,0.012452302623046727,0.0006735585455707888,0.0065341788806850395,0.010076342745822676
K006,N09_M07_F10,6,899.721190800816,1.1764609848361094,1017.1403116765508,59.999765625915515,2.663935696033011,1.6321567620890498,2.8563778667646633,1.7500634333118184,-1.4929483614019023,1.1434566530823007,0.005589194766163317,0.002649098924905063,0.004193098250150009,0.009484208771011571,2.7255509669126283,1.6509242765531762,2.8446685772216207,1.7230763503949202,-1.4936680666348918,1.1491172555579314,0.012562520057362263,0.0006098437786922754,0.005839757762434039,0.008812627241042982
K006,N09_M07_F10,7,899.7490923402768,1.1796351304974309,1016.2912512790314,59.999765625915515,2.6763390282166166,1.6359520250351527,2.791632383409014,1.7064268026741363,-1.4926466438026864,1.1492543241199273,0.005593736329902475,0.0029806661257816987,0.004315925009088479,0.010188141081261043,2.7402145990239664,1.6553593564612992,2.817806089446404,1.702232254554138,-1.4939713877361924,1.15553064086189,0.012221845743434856,0.0004211687263483396,0.0061259969892347565,0.009474671463941011
K006,N09_M07_F10,8,899.7430828211802,1.1816379507972163,1015.5493488160587,59.869969909103666,2.6860630500738862,1.6389213068582293,2.838469541581186,1.7319132588632093,-1.4925964856277452,0.811517936788437,0.0058926713087491134,0.0024551851676737416,0.004761282843684779,0.010191627859559538,2.7468221064536107,1.657353947246517,2.817806089446404,1.7001836536654291,-1.494069321295771,0.8158384323488407,0.011608220431383959,0.0008672469078665186,0.005622054100984694,0.010261084058055371
K006,N09_M07_F10,9,899.7080083042823,1.1830799804969547,1014.816400710657,59.97727423593405,2.6923766889712395,1.6408463331376402,2.8122958355437957,1.7139300486268572,-1.4925289536070605,1.1583235616080056,0.005383364887081882,0.0031356137563963915,0.005051900630786852,0.011607064846957236,2.7525136126114536,1.6590701047910705,2.823316343349013,1.7017462584587755,-1.4940489514351905,1.1639645925969304,0.012393572437271011,0.000537179324695022,0.007003270685964235,0.0108411160288509
K006,N15_M01_F10,1,1499.6694543354115,0.6107791314161028,1039.7400218157006,100.04638996417447,0.7855697659708618,0.886323736549384,1.7853222644451427,2.0143004083312945,-1.4786176530763682,0.5414550198914023,0.00260573376376884,0.0012873815309865056,0.003950438808737874,0.007577710617252912,0.8286902683868614,0.9103242655157894,1.8734863268868782,2.058042829194893,-1.4845586490222236,0.5457913521922553,0.008114557589540713,0.002053369839602583,0.005124316164880891,0.0074408312221336086
K006,N15_M01_F10,10,1499.5937205662274,0.5939499051891884,1058.4240664060508,99.99960937652585,0.7468348308332143,0.8641960604129217,1.7674139392616655,2.045153895306092,-1.4824047787230927,0.5977137971741207,0.004750252312873851,0.0010594947415905568,0.003318726576476254,0.007009461430413403,0.7924149075779786,0.8901768967896092,1.9237673937481807,2.161106854925328,-1.4820268449052987,0.6032134935649955,0.00837300374359339,0.0012420797935290813,0.0038214896353438044,0.006860617640204982
K006,N15_M01_F10,11,1499.6276096854624,0.593542882046473,1058.8398233494338,99.99960937652585,0.746238080185527,0.8638507279533467,1.8851956164299215,2.1823164065583027,-1.4792109641731699,0.595811689849586,0.0062649334976720315,0.0017649726405588285,0.0031160778759350997,0.007314036153003057,0.7923201956631212,0.8901236968327049,1.7453729236512314,1.9608206475815992,-1.4846511081083305,0.6008890020559052,0.008778476703001884,0.0009497372603669194,0.0035854601945457623,0.0076277327263999115
K006,N15_M01_F10,12,1499.6197267283492,0.5933863245519692,1059.1730693902941,99.89581179004709,0.7462308631174934,0.8638465506775457,1.799097899201664,2.082659122491798,-1.479879484642203,0.523471051834852,0.005697166145901814,0.0015869107046711827,0.0038418719580835055,0.006484430974042536,0.7917339224620173,0.8897943146941417,1.7481280506025358,1.9646428637875015,-1.4863571468751133,0.5278682247631201,0.008096568284249964,0.0010008430764953402,0.004942274188025448,0.006694585504518081
K006,N15_M01_F10,13,1499.5741593251494,0.591249311530917,1059.0635032169505,100.0,0.7399513691333719,0.8602042601227756,1.8163174426473156,2.111495521294065,-1.4786473291225748,0.593706890464992,0.00808083044265254,0.00118623838746797,0.0027200866493801144,0.007356767465956773,0.7900728543557223,0.8888604245637907,1.7446841419134056,1.9628325141932284,-1.480980209197812,0.600082945948884,0.012866821486111488,0.002152624476710168,0.0035229484455921454,0.007336627179918584
K006,N15_M01_F10,14,1499.586967467647,0.592107453134681,1059.1960443257037,99.96758863337276,0.7435694563177248,0.8623047351822468,1.771546629688622,2.0544322179956582,-1.4775210515924966,0.6068278338154813,0.009923292213445668,0.001529156480162975,0.0042751443947770165,0.010462065579630237,0.790259048402419,0.8889651558989357,1.795653990512534,2.0199374279149787,-1.4859356164758006,0.6117773631677066,0.011657607557518412,0.0024089231352360536,0.004625468393424484,0.010225508928436516
K006,N15_M01_F10,15,1499.60791829429,0.5926697017867013,1059.4256602154428,99.87125970428745,0.7448938260743786,0.8630723179863774,1.7949652087747079,2.0797390570497236,-1.477738535143491,0.45851586937494665,0.008324222808223708,0.002109782145864592,0.0030698469348762218,0.01046273815353156,0.7903460970605558,0.889014115220088,1.9237673937481807,2.1639334638369885,-1.4872559962943386,0.46179212902109357,0.010200851229228126,0.0018451368280227483,0.003994896880978787,0.010579531191229834
K006,N15_M01_F10,16,1499.5666840259694,0.5926055043986642,1059.6442938953928,99.96954053061955,0.7447778456723779,0.8630051249398105,1.7439953601755795,2.020840096745906,-1.4766295712587738,0.608156460507904,0.003775949234273865,0.0018046535131939789,0.004032410008892807,0.010811269436029326,0.7891474162143086,0.8883396964080287,1.7701690662129697,1.9926713546299777,-1.485699488941831,0.6128721616285199,0.012427147923707662,0.0017402851028334458,0.005065093092813979,0.01072213009773119
K006,N15_M01_F10,17,1499.5801241608308,0.5918292575604306,1059.3684993387976,99.87632501940955,0.7418190431948568,0.8612891751292692,1.7791232288047085,2.0656514445774654,-1.4791099532824652,0.47164367408180885,0.007910471110206823,0.0007645177385090939,0.002591106492229769,0.010570461722943986,0.7914916355022862,0.8896581565423239,1.774990538377752,1.995137711406246,-1.4805381839645941,0.4769559260620482,0.011809192977412947,0.0029606489925386547,0.0036644372946848212,0.010698270434843865
K006,N15_M01_F10,18,1499.6185427861835,0.5908874247529717,1059.2947166407146,99.99960937652585,0.7404753713548115,0.8605087863321393,1.786011046182969,2.0755291224808063,-1.4790285376367436,0.5919906059719657,0.007368777744281079,0.0014738511013696243,0.002914477927710097,0.007480355884515625,0.7867355674472029,0.8869811539413918,1.739862669748623,1.9615553972227762,-1.4862327221886482,0.5971657177666054,0.008560077415683851,0.0008504381800518346,0.0034604711674374104,0.007902030062658168
K006,N15_M01_F10,19,1499.5777999403747,0.590359402279401,1059.4540277925971,100.0194863400756,0.7390447081560092,0.8596770952840428,1.8052969348420986,2.0999709597306615,-1.479580908985727,0.5667052437836217,0.005884741765772029,0.0019339442755689845,0.0038749904253748695,0.01014380769106512,0.7858314391644475,0.8864713414230871,1.7543270862429703,1.9790003401877385,-1.4854109425047581,0.571841838133991,0.007671117011320117,0.0006736828976289379,0.004730857573397934,0.010527057691464125
K006,N15_M01_F10,2,1499.6235402268458,0.6080063083036136,1043.7761438676773,99.99960937652585,0.7779250642532656,0.8820006033179714,1.7908325183477514,2.030420967526408,-1.4786372659436235,0.6097201507977839,0.005760801735152507,0.001503851880142012,0.002828138750860587,0.0074615048353479764,0.8222682029353285,0.9067900544973619,1.8755526721003568,2.0683427909230705,-1.4865277629123177,0.6146709234897946,0.012112494859070413,0.0010441357372265895,0.0031785162775322764,0.007620282359686358
K006,N15_M01_F10,20,1499.6036768677616,0.590758433849715,1059.198020108628,100.08593393151607,0.7400167713175019,0.8602422747793216,1.786011046182969,2.076172141901693,-1.479377002672821,0.42082451137139254,0.010125515520115994,0.0004931768488884086,0.003490014447286925,0.009677830225799305,0.7909547312029893,0.8893563578245727,1.7681027209994915,1.9880700300208045,-1.4797662716393833,0.42533940668777503,0.014741299676476095,0.00255475783565888,0.005156065362280219,0.009564756831916963
K006,N15_M01_F10,3,1499.5979243658333,0.6046589821026815,1046.7398923318542,99.9065711616319,0.7706400000912451,0.877861036890945,1.8259603869768803,2.0800107422966945,-1.4830610448650199,0.5469514928836533,0.003993903372471787,0.0015086662985537187,0.004182383636228493,0.008028513064759097,0.8149869863997962,0.902766296668078,1.7632812488347092,1.9531979154988532,-1.484442245196359,0.5516511260465351,0.006802613423162776,0.0006243080082075794,0.005095756068881279,0.008192643860788645
K006,N15_M01_F10,4,1499.631761648281,0.6029137867010892,1049.6562410209453,99.96993091921571,0.7674274019634304,0.8760293385289276,1.8163174426473156,2.0733522985627024,-1.4797369830094527,0.6169861242280874,0.0034075435230118815,0.0008624271195593886,0.004997387278524441,0.01030732684164509,0.8108074525069826,0.9004484729883119,1.8170062243851417,2.0178902834440446,-1.4816093235955365,0.6218564087414257,0.010217728984430047,0.002478904680438831,0.005602319276665133,0.010422563299742829
K006,N15_M01_F10,5,1499.6118662876377,0.6001459022917447,1051.4741414364719,99.99960937652585,0.7605212511273849,0.872078695489911,1.7901437366099255,2.0527318759968898,-1.4843619935363903,0.6012170908771688,0.0051502081896064,0.0009675523172278569,0.0027715661526015573,0.007538430427230601,0.8052422575928228,0.8973529169690277,1.7729241931642739,1.9757267844547126,-1.4833724492066278,0.606380059847047,0.008292654919020554,0.00045220862534593265,0.0036037602451684052,0.007698308257534957
K006,N15_M01_F10,6,1499.5862638808574,0.5991307744921359,1053.4704425593015,99.96485610527547,0.7594143672929179,0.871443840584646,1.7915213000855774,2.055808093019118,-1.4785871493069969,0.6135211134848714,0.010010235207800434,0.0007133455468288102,0.003802464524207969,0.010453959659887914,0.8053655114738181,0.8974215907107529,1.7543270862429703,1.9548527742168016,-1.4841130975347996,0.6186193514445859,0.013231766628779208,0.0035702638711466294,0.004291729518051465,0.010331053492501905
K006,N15_M01_F10,7,1499.5279605445526,0.595995367661243,1056.3813664699455,99.99960937652585,0.7517862045774841,0.8670560561909963,1.7446841419134056,2.0121930173440643,-1.4792041957004798,0.598081331124129,0.00854383919410289,0.0005351143986431676,0.002845236956866116,0.007211933938916288,0.7984839702691031,0.8935793027309346,1.7536383045051442,1.9624876036695558,-1.4821001025385656,0.6032575195456749,0.011862134659891641,0.002442289813240377,0.0034885981817530947,0.007513330847912515
K006,N15_M01_F10,8,1499.623615187664,0.5950909219700609,1056.5298061364601,99.99960937652585,0.7497025624299374,0.8658536610940312,1.8032305896286205,2.082604336800039,-1.479237751750214,0.5952099163385092,0.007687187343867116,0.0013721625608650817,0.0029665496367226266,0.008118376244386832,0.7946360585970088,0.8914236134392048,1.7901437366099255,2.0081852327238283,-1.486041137812481,0.6000817769898432,0.010531898293483744,0.002258539984887416,0.0033126167330623717,0.007913172198482853
K006,N15_M01_F10,9,1499.6264889108688,0.5934303414903127,1057.6633071907465,99.95197619893567,0.7442077896192933,0.8626747878657944,1.7653475940481873,2.046365117978643,-1.4791819987351151,0.6013067480167945,0.009102171608468535,0.0012591151068255546,0.0033085259157180132,0.008156349484686699,0.7942132668542373,0.8911864377638594,1.759837340145579,1.9747128833797276,-1.480339508010258,0.6079296373213269,0.014225959712097341,0.0023794159448240794,0.00503195920625375,0.008070929113435725
K006,N15_M07_F04,1,1499.6119931259955,1.2452997254107496,352.3721373884665,99.84905630940726,3.036207500125201,1.7424716640809976,3.0223742655807437,1.7345328064056544,-1.4944335512665383,0.8220296263810002,0.011297438202795497,0.0006961943570237972,0.005196751155646345,0.014273274312848451,3.0875052239396514,1.7571298255791037,2.9872463969516145,1.7000715333979928,-1.4958643433688912,0.8238131304261546,0.013503915994505702,0.003564635842996701,0.00594872841268941,0.013013805954169393
K006,N15_M07_F04,10,1499.6912446195172,1.232490470641761,357.1903327901073,99.99921875610347,2.970155862918705,1.7234140137873735,3.019619138629439,1.7521147643412311,-1.499223108366404,1.20247002509496,0.003561960045834223,0.0036484211047524526,0.005191392781084972,0.01328323640527085,3.0074519963766795,1.7342006793842168,2.9493634013711816,1.7007047894932477,-1.4937984372371427,1.203136331041479,0.008191468399000095,0.0009586309753108718,0.006667981603273558,0.012649536723962572
K006,N15_M07_F04,11,1499.579095133947,1.2327728548953762,357.23166245184905,100.0,2.9624328830449858,1.7211719504584617,2.9789810160977024,1.7307864070781558,-1.4969086006820562,1.1894925705008979,0.009236260952612178,0.0012727133605242183,0.0033316639482322366,0.012651746372566613,3.0245460822153953,1.7391222160088105,3.021685483842918,1.7374773641714034,-1.4902889552177996,1.1940508093346962,0.014131296882236152,0.0032544518590564807,0.00452190879744554,0.012553660688702211
K006,N15_M07_F04,12,1499.5687451075225,1.2321617648101666,357.50231738021955,99.99960937652585,2.960871889012226,1.720718422349289,2.9197457866446612,1.6968178806723913,-1.4992418167302084,1.1805143335772197,0.009303651993368188,0.002123472811318415,0.003658011872690994,0.015110678372025697,3.017616169869765,1.7371287142493976,2.9769146708842236,1.7136983842734588,-1.4915710662062887,1.183317144947249,0.01567119865838097,0.0014016193835021816,0.005781074949426461,0.013747987689973505
K006,N15_M07_F04,13,1499.5368089700519,1.2326017740295536,357.78876416826813,99.99960937652585,2.969144558482395,1.7231205873305544,2.9941342143298755,1.7376231450918742,-1.5013140037146202,1.186512858050403,0.002685643862635758,0.0042541509727382,0.0035012384866425434,0.01389141774769655,3.0084078280763302,1.7344762402743747,2.9280111674985734,1.688124114652268,-1.4935600820493464,1.187271808992229,0.008311468596762992,0.0010203009858526014,0.005447765270920145,0.013572493930438684
K006,N15_M07_F04,14,1499.6255857806318,1.2319212490713238,357.72643591050513,99.99960937652585,2.959143949363157,1.7202162507554557,2.899771116247705,1.6857015011770946,-1.4995044986074952,1.1906416043791133,0.010176777326561436,0.002426604830478786,0.0038700855323227203,0.013220945201794834,3.015463574283698,1.7365090193499422,2.9397204570416164,1.692890980861184,-1.492958538136999,1.193488350275291,0.01685637776306184,0.0007587703739743404,0.00544239492398107,0.01179569170475107
K006,N15_M07_F04,15,1499.6426728813942,1.2322527779803056,357.8447860693275,99.94729341948582,2.96527857583422,1.7219984250382518,3.021685483842918,1.7547550798577503,-1.492754471859716,1.1924039682782528,0.010596019144073807,0.0021362146140615737,0.005256722482972794,0.012373231617447255,3.0153796571624847,1.7364848565888746,2.9872463969516145,1.7202835864746424,-1.4974224227911903,1.1950418492068733,0.009169438722128973,0.003048202270767791,0.0048524161102256195,0.01160998241120377
K006,N15_M07_F04,16,1499.5653390777056,1.2316750721738798,357.8026297262221,99.99804691314623,2.9610641016971573,1.720774273894504,2.9638278178655284,1.7223803626246172,-1.4952969433789276,1.1946437881761867,0.010683899007810835,0.0006199598047211365,0.004128387231563493,0.011679954084397714,3.017094778222772,1.7369786349356091,2.982424924786832,1.71701877317414,-1.4940244816243962,1.1980372976166485,0.01280743009868047,0.003312860860351639,0.004397555839931647,0.010647734247306308
K006,N15_M07_F04,17,1499.5867179642069,1.231758779634219,358.00712286567597,99.99960937652585,2.9654866378091005,1.722058836918501,2.9872463969516145,1.734694734528975,-1.502716436775669,1.187716435605688,0.0023321786459107883,0.004543161194190998,0.003447845676337447,0.013768052488657301,3.0029158027221974,1.7328923228874313,2.943164365730747,1.6984115670999684,-1.492828569021697,1.1882311565989667,0.0077737989673054946,0.0012077230127622684,0.005526130766520567,0.012876136412819789
K006,N15_M07_F04,18,1499.6200620119826,1.2323682108357243,358.1035523856422,99.87844952204203,2.968740863969168,1.7230034428198826,2.9624502543898767,1.71935248692336,-1.4914465920706486,0.9610306506003372,0.008501364315250913,0.0032335200017061545,0.003116362594720463,0.018389306711998586,3.018370864174283,1.737345925305114,2.981736143049006,1.7162593238449915,-1.4977703573720698,0.9628247392688696,0.01678242725933688,0.0019151819017626673,0.00519101816185413,0.01707907618579672
K006,N15_M07_F04,19,1499.550488555226,1.2339813865655203,358.0730367147668,99.99960937652585,2.9680394966620107,1.7227999003546555,2.9273223857607475,1.699165634475675,-1.4983334433032582,1.1921903318581364,0.009031930610594407,0.0020971789116530273,0.003900686550649359,0.01281539244065906,3.027306953154769,1.7399157890986474,2.9741595439329194,1.7093698227048473,-1.490359358420956,1.1956212508183148,0.016639830936999868,0.0018331156831324867,0.005536657445638245,0.01195169378936994
K006,N15_M07_F04,2,1499.6255757582585,1.242743759532543,353.93632056361474,100.04248999146303,3.0174320885386825,1.7370757290742054,2.9872463969516145,1.7196984258963206,-1.4985093067336004,1.0717185540506688,0.0017944676562886798,0.002538836360195028,0.007020726240479972,0.013706985682539393,3.0647268588727097,1.7506361297747484,2.9989556864946576,1.7130662594519448,-1.4919305255019801,1.0742433360939063,0.005803525604790465,0.002306803769165095,0.007082416929747041,0.012948678314941212
K006,N15_M07_F04,20,1499.6261648483833,1.2340286932191613,358.08665433289497,100.0,2.979043295609583,1.725990525932742,2.9962005595433534,1.7359310578626599,-1.4957885128629074,1.19404502312079,0.010236186639314653,0.003782755147286382,0.004656944482536337,0.012415328172316374,3.02116028173057,1.7381485211944836,2.9900015239029187,1.7202221141885745,-1.4950954870103665,1.1943052257961733,0.015924720286199085,0.0014732851705930138,0.00547131968352593,0.012558279497076613
K006,N15_M07_F04,3,1499.5639996215407,1.2320566893167382,358.3381797500855,99.99960937652585,2.9593962001252283,1.7202895686846527,2.9479858378955295,1.713656753815919,-1.4976408941752262,1.1912764736843988,0.0028802767984280222,0.0017462617102501053,0.005385561722830786,0.011782105748524634,3.014045197331569,1.7361005723550607,3.027195737745526,1.7436753296147265,-1.4892543311952886,1.1948279568499927,0.009979881241119006,0.0028044537770129012,0.006309135313366302,0.01184122347849055
K006,N15_M07_F04,4,1499.6065208943592,1.2365536153980845,355.9667878940637,99.99960937652585,2.990689698126815,1.7293610664424057,2.945230710944225,1.703074486927749,-1.4999884546231075,1.2001453433570755,0.012060072728642889,0.004049281077096092,0.0054189964538633815,0.011744229342052798,3.0316217659551765,1.7411552963349295,3.110538328022479,1.7864795487054212,-1.493643905030401,1.2007009640946629,0.016136745078353727,0.0006788600973263761,0.005342953338819391,0.011215826003775053
K006,N15_M07_F04,5,1499.5882418328872,1.2350760578341142,356.1263085635648,99.88027525216786,2.9737990019105367,1.724470643968907,2.9638278178655284,1.7186884730285774,-1.4969365404016373,0.9576479357985688,0.0089017402276848,0.001691181930948199,0.003421732497502281,0.017308980707748264,3.0359241351431345,1.7423903509670657,3.0203079203672654,1.733427827289635,-1.4884766659667024,0.9618278533339104,0.014239201145779968,0.003639257490008848,0.005823586798608428,0.017523027931035377
K006,N15_M07_F04,6,1499.6300439677802,1.2344951231356303,356.08705778190136,99.99960937652585,2.9773379637133153,1.7254964397857548,2.944541929206399,1.7064897158362182,-1.4948753985750072,1.1913951998693424,0.005500680423319228,0.0004613722235066098,0.004787611748498883,0.012822011332029688,3.030477132686057,1.7408265659410351,2.9941342143298755,1.719949748533015,-1.493818736080196,1.1945889751242305,0.015408438738669686,0.0023174410270134786,0.006527619342866674,0.01129684640389728
K006,N15_M07_F04,7,1499.5683259132304,1.2343199895691455,356.33165995626194,99.99960937652585,2.979102479507357,1.7260076707556538,3.0423489359776994,1.7626508778177943,-1.498227436226753,1.1956240268867957,0.004403163839743619,0.0038428712209840087,0.004522270912895889,0.012061978716963462,3.0181645749296666,1.7372865552146735,2.937654111828138,1.6909439050284583,-1.4950505638443692,1.1967425326706074,0.007254117319669548,0.0012818454272304318,0.005733838126909497,0.012344363019411591
K006,N15_M07_F04,8,1499.613965809477,1.2339999756126185,356.65518328442414,100.09080819291697,2.969851394252948,1.7233256785218944,2.911480405790748,1.6894545483056576,-1.4982028396530473,0.8139057549912726,0.009525653684298025,0.0013371618988459986,0.0051867656704390015,0.014621590500853907,3.0277063689383716,1.7400305655184254,3.087808530674219,1.774571431022096,-1.4903702683358682,0.815803219493345,0.017775969617442027,0.002240161544605125,0.00871455579804201,0.014031903629706556
K006,N15_M07_F04,9,1499.606563469188,1.2336698343949741,356.9062318942572,99.99960937652585,2.973881960141641,1.724494697046541,2.957628782225094,1.715069804094198,-1.4923216989007018,1.1917788103384657,0.007053213472948317,0.001640590486976643,0.0042110235593388135,0.014101229397066565,3.024428141808438,1.7390883076510055,2.979669797835528,1.7133516364446046,-1.4966844049643544,1.1941760397598533,0.01607737670411067,0.0018144698615332442,0.005846157611597233,0.012391285821770891
K006,N15_M07_F10,1,1499.5407148650856,1.2157122591980964,1022.7765560872377,99.99960937652585,2.9240806925572245,1.709994354539577,3.027195737745526,1.7702957496374956,-1.4956823018421181,1.1771291720262105,0.006430354376631907,0.0025152396336913323,0.0037710846367468806,0.013689985076935545,2.9701137338051877,1.7234017911691946,2.9500521831090074,1.7117611216520934,-1.4932412968297828,1.180336387048373,0.009665085210183336,0.002722947652687119,0.0043365779085020656,0.01340374052359705
K006,N15_M07_F10,10,1499.5936518524973,1.2239984950142793,1024.8068178108233,99.99417011601469,2.96399612894972,1.7216260130904506,2.9727819804572673,1.7267292419222313,-1.4932617659580223,1.197534008267074,0.006632915342198666,0.0025701134794681437,0.004606438966883579,0.01187317085246319,3.0074456961020677,1.7341988629053093,2.930766294449878,1.689982825579735,-1.49570797386945,1.2001121841399804,0.014630417554572868,0.0026510923803902153,0.005866635643942054,0.01091412489238744
K006,N15_M07_F10,11,1499.5731456990502,1.224483101286696,1025.7488396473846,99.99960937652585,2.9623190410210074,1.7211388790626418,2.9369653300903122,1.7064081032727747,-1.499370882002414,1.1907870498112265,0.008444384978634726,0.0027315002153643657,0.003330931459541865,0.012898736915947926,3.010902223408496,1.7351951542718462,2.945919492682051,1.6977453431849114,-1.4914700661788922,1.193734960622861,0.014432279783872015,0.0013082738758316795,0.004475318007024426,0.011820370475442543
K006,N15_M07_F10,12,1499.575676719021,1.2239442196263575,1025.7477143820213,99.89807086895524,2.958016572268191,1.7198885348382873,2.913546751004226,1.6940323119708294,-1.4982281480665993,1.0338883759305821,0.0020154007343946073,0.0018738948605154606,0.006199227717707677,0.011890763872896408,3.0067423666407582,1.7339960688077578,2.913546751004226,1.6802499171797378,-1.4901253841486952,1.0377589141258459,0.008329380768973502,0.0031865940506653643,0.006082314306750069,0.011370663466267915
K006,N15_M07_F10,13,1499.6272729912102,1.2238797101922727,1026.0018385798328,99.9687597625742,2.9594315008458483,1.7202998287641165,2.9479858378955295,1.7136465333565702,-1.4999632386084198,1.2147155770260352,0.010408454298431694,0.0034456196890204445,0.005098803343490678,0.01793822749261889,3.006077423853292,1.7338043210966143,3.1504876688163903,1.8170952918283982,-1.4918295382114355,1.217451879883567,0.017030851441649276,0.0016895793959777687,0.007008838646325738,0.016716268171505594
K006,N15_M07_F10,14,1499.5844745644965,1.2239885654355076,1026.7625091384173,99.8708030446897,2.96162134969039,1.7209361840842299,2.9948229960677013,1.7402289659342314,-1.4935524475502393,0.9288484013782135,0.00911158775901964,0.0018568186449183486,0.004017511598084892,0.017630033844220124,3.007580388036432,1.7342376965215673,2.9410980205172685,1.6959024858105387,-1.4964290562773122,0.9314985791419018,0.009690781547657012,0.0024226224681029858,0.004377807475382978,0.01643552092701768
K006,N15_M07_F10,15,1499.5802236387158,1.224874321645828,1027.7019379448818,99.99960937652585,2.9633915941580318,1.7214504332562213,2.9631390361277026,1.7213037209109512,-1.495649402776198,1.188272504356747,0.004164632841360317,0.0016469988200276306,0.004210773127308667,0.013081093563472288,3.0105952975699553,1.735106710715498,2.957628782225094,1.7045803373127812,-1.4916587092954623,1.1916722075364317,0.011722373806297556,0.0035813766822981184,0.005540518651270024,0.012168530569196563
K006,N15_M07_F10,16,1499.5856079428647,1.224355359064792,1028.5469847647857,99.96134307435797,2.957043238698667,1.719605547414484,2.957628782225094,1.7199460577875212,-1.497916790370848,1.2108927166440375,0.009761668444143667,0.0017838270276322652,0.003957369555080806,0.016449536873322557,3.012165581562097,1.7355591553047385,2.9769146708842236,1.7152481733539768,-1.4893300478802107,1.2153560889073527,0.016481857314872634,0.003807117929873696,0.006831692260442497,0.016127976879956762
K006,N15_M07_F10,17,1499.6145608779332,1.2241539385028408,1029.0428048438912,100.01282813793746,2.9611645421076545,1.720803458303026,2.969338071768137,1.725553291656187,-1.4951200683306802,1.1625889005612111,0.004198478001021672,0.002324740439002267,0.0045486096726094286,0.016719819275029975,3.006757783601672,1.7340005143025974,2.983802488262484,1.7207621702826013,-1.4936244834829389,1.1653911810000448,0.01114406161213555,0.003450724639311391,0.007204033936215282,0.015256502132710337
K006,N15_M07_F10,18,1499.617645777577,1.2235655957960336,1029.5480788159607,99.99960937652585,2.9580891933978566,1.7199096468703978,2.931455076187704,1.7044238815230048,-1.4960921196514718,1.1869660612553636,0.005476615168168789,0.0024016618681405076,0.004539268863521341,0.01347621613611089,3.0032348318662536,1.7329843715008666,2.9369653300903122,1.6947442679744003,-1.4927967063217067,1.1896514247163368,0.012000561055779999,0.002641508317539345,0.005108932798424677,0.012463102713270873
K006,N15_M07_F10,19,1499.5339793679345,1.2235871461234433,1030.6249485079654,99.91301106002237,2.9582241803759963,1.719948888884782,2.98449127000031,1.7352209064395276,-1.4968440503735423,1.1146146410638167,0.009237467380683777,0.00397462920478379,0.005481390812367062,0.017752155964183412,3.0025300630450507,1.7327810199344436,2.989312742165093,1.725153211961075,-1.4947625545876826,1.1163471804313974,0.013674594504257754,0.0017620253065403027,0.007207057836635884,0.016517075242933103
K006,N15_M07_F10,2,1499.5637600033438,1.2166302601131764,1022.0427495641555,99.99960937652585,2.929378219281448,1.7115426431384781,2.97760345262205,1.7397191151264448,-1.498010713636546,1.1847653443424047,0.003964524132670444,0.0025359866972183057,0.004533990447003964,0.012369422523039462,2.9686247209396157,1.7229697388345553,2.896327207558575,1.6810087503438673,-1.4922261415565545,1.1870328866005158,0.00879139485271111,0.002354080094549337,0.005650219127682848,0.011447710607741789
K006,N15_M07_F10,20,1499.5694460287518,1.2239746763629158,1031.0637030421078,99.96290439094867,2.9580085867347092,1.7198862133102613,3.0010220317081355,1.7448956846581583,-1.4992578324157808,1.2129568775030843,0.0034216902732604956,0.003856296861491528,0.005418937270551764,0.017116439915952904,2.99972680502115,1.7319719411760544,2.9025262431990093,1.6758506152404051,-1.4923463977975586,1.2155842729621644,0.007004066789104819,0.001914407235271372,0.006999323387689299,0.016458289705465538
K006,N15_M07_F10,3,1499.5858787831412,1.2207321684490315,1021.8220400402515,99.94289643277511,2.9464025419280997,1.7165088237256747,2.9810473613111803,1.7366921277111937,-1.4952144949985449,1.1906011941836934,0.008739819905531802,0.0019360935511514258,0.004326625718021872,0.011394248748243335,2.994268165172539,1.730395378279929,2.9348989848768343,1.696085774220122,-1.4937987961426327,1.1942819672439475,0.009536832421477175,0.002262493860134375,0.004217761142402127,0.010960858608193434
K006,N15_M07_F10,4,1499.5394630761782,1.2219411439903598,1021.7558607864705,99.96954053061955,2.9504865415119528,1.7176980356022862,2.9624502543898767,1.7246630041997668,-1.4982820925309526,1.210507588497945,0.002265366961616321,0.0022255167990351357,0.006319317450376906,0.016862144175928528,2.9971181597263037,1.7312186920566401,2.9197457866446612,1.6865262603975721,-1.4898166060884535,1.2143092025959945,0.008974900780618904,0.0031026113833278047,0.007072269108703076,0.015942976714764644
K006,N15_M07_F10,5,1499.5103071186397,1.2228858277412211,1022.4916922996158,99.99960937652585,2.9581780321089273,1.7199354732398908,2.9934454325920488,1.7404405451055738,-1.4951852990830208,1.1870434725147587,0.006595446733730091,0.002758154996575303,0.003798737972103257,0.013170326866199848,3.0028729168269415,1.7328799487636013,2.9321438579255297,1.692064046339503,-1.4948903899323127,1.1900988235336403,0.009232380900216436,0.0025004364782023215,0.00458100304618576,0.01216157294384211
K006,N15_M07_F10,6,1499.6442775231271,1.2228272931030375,1022.795647453829,99.99960937652585,2.953346722153313,1.7185303960516127,2.95487365527379,1.719418907028192,-1.4983248195111707,1.1918134947400794,0.008577553705371594,0.0022339243470385008,0.003398200206879442,0.012018037151030975,3.005867726974333,1.7337438469896103,2.9962005595433534,1.7281679555753362,-1.489881898601094,1.1956511046352691,0.01431954507558639,0.0026872892124504134,0.005128202362012831,0.012171137433540525
K006,N15_M07_F10,7,1499.6071264541488,1.223504674134985,1023.4573225598792,100.0,2.962631994444714,1.7212297912959542,2.957628782225094,1.7183230253051953,-1.5013688717095792,1.1936051646039394,0.002612216997668121,0.0036044192897121347,0.0039037038859656816,0.011711224307973753,2.9953002272640137,1.7306935682737177,2.9273223857607475,1.6914157649991204,-1.4930018442406645,1.1948350787687705,0.007027484593604267,0.0011429520060126923,0.005342152894195312,0.01107013324236101
K006,N15_M07_F10,8,1499.6119378598653,1.2238486365245278,1023.7190438907236,99.98678657204815,2.961433713315794,1.7208816674355603,3.025818174269874,1.758295315434975,-1.4999284658796488,1.211048504512558,0.002437491599992762,0.003556541690597738,0.005449689046953542,0.01608900731450977,3.0018762040726887,1.732592336377109,2.899082334509879,1.6732628175950077,-1.4912023036992825,1.2136210463833397,0.00739810483928927,0.0021772576803600514,0.0069075382667531,0.015393033897566615
K006,N15_M07_F10,9,1499.6084360966022,1.2239942537904713,1024.0771300489528,99.9687597625742,2.9631161758137337,1.721370435383893,2.9934454325920488,1.7389896858106912,-1.4943626925251414,1.214942355525751,0.00940264135126414,0.002462706824129329,0.005650124204935307,0.017720824442007548,3.0071265280999957,1.7341068387213043,2.9472970561577028,1.6996052321268629,-1.4959016955242128,1.217899507565026,0.009209428828470033,0.002230812586743636,0.005982077200976941,0.016495787211786662
